Round,Player,Team,MatchId,CoachesVotes,RatingPoints,EstimatedRating,Supercoach,DreamTeamPoints,ExpVotes,Votes3,TimeOnGround,Kicks,Handballs,Disposals,DisposalEfficiency,MetresGained,Inside50s,ContestedPossessions,GroundBallGets,PostClearanceContestedPossessions,PostClearanceGroundBallGets,Intercepts,CentreBounceAttendancePercentage,TotalClearances,Marks,InterceptMarks,ContestedMarks,ShotsAtGoal,Goals,Behinds,GoalAssists,ScoreInvolvements,Tackles,PressureActs,Hitouts
1,Josh Ward,Hawthorn,20250102,0,15.9,7.38,84,88,0.03,0,81,16,6,22,72.7,536,4,9,8,5,5,7,6,3,5,1,0,1,0,1,0,5,3,12,0
1,James Sicily,Hawthorn,20250102,2,15.9,11.55,109,88,0.14,1,96,18,6,24,91.7,620,1,4,4,3,3,7,0,1,7,3,0,0,0,0,0,5,0,8,0
1,Connor Macdonald,Hawthorn,20250102,2,15.8,8.87,104,94,0.05,0,81,13,10,23,82.6,281,5,9,7,6,4,4,0,1,8,0,0,2,1,0,2,7,1,15,0
1,Blake Hardwick,Hawthorn,20250102,0,15.0,9.4,77,69,0.01,0,94,8,5,13,76.9,312,2,3,3,3,3,1,0,0,5,0,0,2,2,0,0,3,2,7,0
1,Nick Watson,Hawthorn,20250102,0,14.8,8.44,100,69,0.02,0,74,8,5,13,92.3,243,2,5,3,5,3,1,0,0,3,0,0,3,3,0,2,5,2,9,0
1,Lloyd Meek,Hawthorn,20250102,0,14.1,12.26,78,63,0.01,0,86,3,8,11,36.4,39,0,9,7,3,3,2,91,2,1,0,0,0,0,0,0,6,2,10,33
1,Dylan Moore,Hawthorn,20250102,9,13.8,11.64,94,97,1.81,30,94,17,4,21,85.7,219,1,5,4,3,2,1,9,1,6,0,0,5,3,1,0,5,0,9,0
1,Tom Barrass,Hawthorn,20250102,0,12.6,10.59,69,54,0.0,0,87,8,4,12,91.7,183,1,5,3,5,3,8,0,0,3,0,1,0,0,0,0,1,3,5,0
1,Will Day,Hawthorn,20250102,0,11.7,12.69,77,77,0.05,0,81,9,7,16,75.0,214,2,7,3,3,1,2,73,2,5,2,1,2,1,1,0,5,4,17,0
1,Finn Maginness,Hawthorn,20250102,0,11.3,5.79,61,64,0.01,0,76,6,9,15,73.3,260,2,9,7,8,6,3,0,1,6,0,2,1,1,0,0,3,1,11,0
1,Josh Weddle,Hawthorn,20250102,0,11.3,10.64,62,44,0.0,0,79,3,3,6,100.0,103,1,4,1,4,1,3,0,0,2,1,2,1,1,0,0,3,4,10,0
1,Karl Amon,Hawthorn,20250102,6,11.3,9.74,122,111,0.64,7,84,21,7,28,92.9,643,7,3,1,1,0,1,0,1,10,0,0,0,0,0,2,7,2,8,0
1,Mabior Chol,Hawthorn,20250102,0,10.3,7.75,70,61,0.01,0,80,8,0,8,75.0,248,1,4,1,4,1,0,9,1,6,0,3,4,2,2,1,5,1,7,1
1,Massimo D'Ambrosio,Hawthorn,20250102,0,8.7,11.53,47,45,0.0,0,66,6,3,9,88.9,105,0,5,4,3,3,1,0,1,3,0,0,1,1,0,0,3,2,9,0
1,Harry Morrison,Hawthorn,20250102,0,8.2,8.87,64,73,0.0,0,84,10,4,14,100.0,151,0,4,2,4,2,5,0,0,9,1,0,0,0,0,0,2,3,25,0
1,Conor Nash,Hawthorn,20250102,0,8.0,9.63,84,102,0.05,0,75,9,13,22,68.2,261,2,8,5,1,1,1,64,3,4,0,0,0,0,0,0,4,10,23,0
1,Cam Mackenzie,Hawthorn,20250102,0,7.8,8.65,72,68,0.05,0,73,9,12,21,61.9,173,2,9,6,3,2,2,70,4,2,0,0,0,0,0,0,5,3,17,0
1,Jack Ginnivan,Hawthorn,20250102,0,6.7,8.36,62,70,0.02,0,83,10,5,15,53.3,261,3,4,2,4,2,2,0,1,4,0,1,3,2,1,0,6,1,16,0
1,Jarman Impey,Hawthorn,20250102,0,6.4,8.38,65,64,0.0,0,78,9,2,11,100.0,246,3,2,1,1,1,2,0,1,4,0,0,0,0,0,1,3,5,17,0
1,Jai Newcombe,Hawthorn,20250102,0,5.8,15.26,81,88,0.48,5,83,20,5,25,52.0,449,8,12,7,4,4,1,79,7,3,0,0,2,0,2,2,6,3,20,0
1,Josh Battle,Hawthorn,20250102,0,4.9,9.19,83,82,0.02,0,89,14,5,19,73.7,400,1,1,0,1,0,5,0,0,6,2,0,1,0,0,0,3,3,11,0
1,Sam Frost,Hawthorn,20250102,0,2.6,2.64,19,17,0.0,0,49,4,1,5,80.0,106,0,4,4,3,3,4,0,1,0,0,0,0,0,0,0,0,2,4,0
1,Jack Scrimshaw,Hawthorn,20250102,0,0.2,10.39,18,13,0.0,0,27,1,3,4,75.0,-24,0,1,1,1,1,1,0,0,1,0,0,0,0,0,0,2,1,6,0
10,Karl Amon,Hawthorn,20251001,2,23.0,9.81,105,92,0.09,0,85,20,10,30,80.0,884,4,7,7,5,5,6,0,3,2,0,0,1,1,0,0,6,0,8,0
10,Jai Newcombe,Hawthorn,20251001,3,19.4,14.59,121,123,0.7,4,83,15,14,29,69.0,433,2,10,7,4,3,2,80,4,5,0,0,1,1,0,0,7,8,24,0
10,Blake Hardwick,Hawthorn,20251001,0,17.2,8.98,87,58,0.0,0,83,4,7,11,90.9,174,2,7,6,7,6,2,0,0,3,0,1,3,3,0,0,3,2,10,0
10,Harry Morrison,Hawthorn,20251001,0,16.0,8.34,91,85,0.01,0,83,12,5,17,64.7,356,3,8,5,6,3,3,0,2,4,1,2,1,1,0,1,3,5,19,0
10,Nick Watson,Hawthorn,20251001,0,15.8,9.41,68,72,0.01,0,80,9,3,12,66.7,252,3,6,4,6,4,2,0,0,4,0,1,4,3,0,0,5,4,10,0
10,Mabior Chol,Hawthorn,20251001,0,14.8,7.35,70,75,0.01,0,80,6,4,10,70.0,223,2,6,4,6,4,1,11,0,6,0,2,3,3,0,0,4,3,16,1
10,Jack Scrimshaw,Hawthorn,20251001,0,12.8,10.24,78,74,0.0,0,81,11,5,16,75.0,351,0,7,5,6,4,6,0,1,6,1,1,0,0,0,0,1,4,11,0
10,Jack Ginnivan,Hawthorn,20251001,0,12.3,8.12,86,94,0.02,0,83,17,5,22,54.5,609,8,8,5,7,5,1,3,1,5,0,0,3,2,1,1,5,2,16,0
10,Josh Ward,Hawthorn,20251001,0,12.2,10.39,84,75,0.01,0,72,13,10,23,73.9,388,4,9,7,5,5,4,54,3,4,0,0,0,0,0,2,8,1,18,0
10,Cam Mackenzie,Hawthorn,20251001,0,9.8,9.64,58,50,0.0,0,68,7,6,13,53.8,286,4,10,7,2,2,3,57,5,0,0,0,1,0,0,1,1,4,14,0
10,Changkuoth Jiath,Hawthorn,20251001,0,9.6,8.95,59,34,0.0,0,87,6,6,12,83.3,355,1,5,4,4,3,4,0,1,1,0,0,0,0,0,0,1,1,10,0
10,Connor Macdonald,Hawthorn,20251001,0,9.2,8.24,66,71,0.0,0,77,10,5,15,66.7,412,6,3,2,3,2,2,0,0,3,0,0,1,0,1,1,4,5,18,0
10,Josh Weddle,Hawthorn,20251001,0,9.1,11.08,87,71,0.01,0,92,10,9,19,68.4,267,0,11,7,10,6,11,0,1,4,2,0,1,0,1,0,4,1,11,2
10,Tom Barrass,Hawthorn,20251001,0,9.1,10.01,60,30,0.0,0,81,5,1,6,100.0,147,2,4,0,4,0,4,0,0,4,3,3,0,0,0,0,1,1,4,0
10,Ned Reeves,Hawthorn,20251001,0,8.6,9.93,64,63,0.0,0,80,4,2,6,50.0,29,0,3,1,1,1,0,89,1,0,0,0,0,0,0,1,3,3,8,34
10,Dylan Moore,Hawthorn,20251001,0,7.8,10.82,69,87,0.01,0,88,11,6,17,64.7,257,4,9,6,3,1,1,29,5,4,0,0,4,1,1,1,4,5,17,0
10,James Worpel,Hawthorn,20251001,0,7.7,12.03,65,72,0.01,0,78,11,9,20,60.0,338,3,10,8,4,4,2,77,4,2,0,0,1,0,1,1,5,6,30,0
10,James Sicily,Hawthorn,20251001,0,7.5,10.56,50,57,0.0,0,97,11,4,15,66.7,371,4,6,5,5,4,5,0,1,4,2,1,0,0,0,0,2,1,7,0
10,Massimo D'Ambrosio,Hawthorn,20251001,0,5.0,10.26,50,49,0.0,0,80,8,4,12,58.3,341,3,6,6,1,1,1,0,3,4,0,0,1,0,1,1,3,1,11,0
10,Bailey Macdonald,Hawthorn,20251001,0,5.0,3.1,29,14,0.0,0,26,3,2,5,100.0,173,1,1,0,1,0,3,0,0,0,0,0,0,0,0,0,1,0,6,0
10,Finn Maginness,Hawthorn,20251001,0,4.7,6.23,33,34,0.0,0,84,6,8,14,50.0,238,3,7,7,5,5,3,0,0,0,0,0,1,0,0,0,1,0,14,0
10,Josh Battle,Hawthorn,20251001,0,3.4,9.69,45,40,0.0,0,79,6,7,13,76.9,130,0,5,4,5,4,6,0,0,4,1,0,0,0,0,0,2,1,6,0
10,Calsher Dear,Hawthorn,20251001,0,2.8,6.07,13,13,0.0,0,54,3,2,5,80.0,86,0,0,0,0,0,0,0,0,1,0,0,0,0,0,0,1,0,6,0
11,Karl Amon,Hawthorn,20251104,0,16.9,10.46,106,105,0.02,0,80,26,3,29,79.3,768,5,5,4,4,3,5,0,0,7,2,1,0,0,0,0,7,0,16,0
11,Josh Weddle,Hawthorn,20251104,0,16.0,11.17,97,88,0.01,0,82,11,12,23,65.2,498,5,8,7,7,6,7,4,0,6,2,1,1,1,0,0,5,0,7,7
11,Josh Battle,Hawthorn,20251104,0,14.1,9.18,98,72,0.0,0,93,14,9,23,95.7,412,1,5,4,5,4,8,0,0,6,2,1,0,0,0,0,1,0,4,0
11,Blake Hardwick,Hawthorn,20251104,0,13.7,9.12,84,68,0.0,0,91,10,6,16,75.0,345,1,5,2,5,2,4,0,0,6,1,1,2,1,0,0,4,1,16,0
11,Dylan Moore,Hawthorn,20251104,0,13.6,10.92,77,68,0.0,0,91,6,9,15,100.0,106,1,8,6,6,4,3,15,1,5,0,0,1,1,0,0,3,4,18,0
11,James Sicily,Hawthorn,20251104,0,13.1,10.43,84,53,0.0,0,96,9,8,17,100.0,75,1,7,4,7,4,9,0,0,5,5,2,0,0,0,1,6,0,10,0
11,Harry Morrison,Hawthorn,20251104,1,10.4,8.75,101,101,0.01,0,72,13,15,28,82.1,209,0,6,6,5,5,5,0,0,8,1,0,0,0,0,0,6,2,9,0
11,Jai Newcombe,Hawthorn,20251104,0,10.2,14.78,79,80,0.05,0,83,8,15,23,73.9,368,6,10,6,4,4,2,77,5,5,0,0,0,0,0,1,5,4,21,0
11,Tom Barrass,Hawthorn,20251104,0,9.7,9.86,64,56,0.0,0,86,10,2,12,75.0,272,2,4,1,4,1,6,0,0,7,4,2,0,0,0,0,0,0,1,0
11,Jack Scrimshaw,Hawthorn,20251104,0,9.7,9.77,67,47,0.0,0,79,5,7,12,83.3,216,0,4,4,4,4,6,0,0,3,1,0,0,0,0,0,2,3,10,0
11,Massimo D'Ambrosio,Hawthorn,20251104,0,8.9,10.0,60,58,0.0,0,77,10,9,19,63.2,351,4,5,5,4,4,4,0,1,3,0,0,0,0,0,1,5,1,11,0
11,Connor Macdonald,Hawthorn,20251104,0,8.7,7.84,87,101,0.02,0,84,10,10,20,60.0,323,3,5,4,3,3,2,0,2,10,0,0,5,3,1,0,7,1,5,0
11,Josh Ward,Hawthorn,20251104,0,6.7,10.46,76,64,0.0,0,65,8,12,20,80.0,193,4,5,3,1,1,0,31,3,5,0,0,1,0,1,0,7,0,13,0
11,James Worpel,Hawthorn,20251104,0,6.6,11.81,69,82,0.01,0,75,13,10,23,56.5,451,7,9,6,3,2,2,73,4,5,0,0,1,0,1,0,5,3,19,0
11,Lloyd Meek,Hawthorn,20251104,0,6.1,12.54,56,70,0.0,0,84,2,7,9,66.7,98,2,5,4,0,0,1,81,1,1,0,0,0,0,0,0,3,3,16,38
11,Conor Nash,Hawthorn,20251104,0,5.0,8.54,64,63,0.0,0,79,5,8,13,69.2,67,0,4,4,1,1,1,65,3,3,0,0,1,1,0,1,3,5,17,0
11,Mabior Chol,Hawthorn,20251104,0,4.0,7.52,33,43,0.0,0,76,4,2,6,66.7,137,1,2,1,0,0,0,19,2,3,0,0,1,0,1,1,2,3,13,5
11,Jack Ginnivan,Hawthorn,20251104,0,3.8,8.2,61,66,0.0,0,76,10,3,13,61.5,219,2,6,2,2,1,0,0,1,5,0,0,2,1,1,0,6,3,14,0
11,Changkuoth Jiath,Hawthorn,20251104,0,3.2,9.63,61,62,0.0,0,77,10,11,21,66.7,310,3,4,3,4,3,4,0,0,4,1,0,2,0,1,0,5,0,10,0
11,Cam Mackenzie,Hawthorn,20251104,0,2.3,9.75,28,20,0.0,0,40,1,4,5,80.0,40,0,3,1,2,1,1,35,1,1,0,0,0,0,0,0,0,2,10,0
11,Jack Gunston,Hawthorn,20251104,0,0.2,7.33,45,41,0.0,0,88,6,2,8,62.5,138,0,1,1,1,1,1,0,0,5,0,0,3,0,3,0,4,1,5,0
11,Finn Maginness,Hawthorn,20251104,0,-1.0,3.42,19,34,0.0,0,42,4,6,10,70.0,182,2,1,1,0,0,0,0,0,4,0,0,1,0,1,0,1,0,0,0
11,Nick Watson,Hawthorn,20251104,0,-1.6,9.63,15,21,0.0,0,84,3,1,4,25.0,60,0,0,0,0,0,0,0,0,3,0,0,2,0,1,0,3,0,5,0
12,Tom Barrass,Hawthorn,20251202,0,13.6,9.81,62,42,0.0,0,78,3,6,9,88.9,59,0,4,2,4,2,7,0,0,4,3,1,0,0,0,0,3,2,5,0
12,Jack Ginnivan,Hawthorn,20251202,3,13.2,7.87,107,115,0.13,2,82,18,13,31,64.5,418,3,7,6,7,6,2,0,0,4,0,0,3,3,0,0,6,1,8,0
12,Jack Gunston,Hawthorn,20251202,0,13.2,7.03,84,52,0.0,0,82,8,2,10,70.0,208,2,3,1,3,1,0,0,0,5,0,2,2,2,0,2,5,0,10,0
12,Karl Amon,Hawthorn,20251202,0,12.7,10.77,79,66,0.0,0,85,16,6,22,86.4,507,3,5,5,3,3,3,0,2,3,0,0,0,0,0,0,1,0,10,0
12,Conor Nash,Hawthorn,20251202,0,11.9,8.81,90,83,0.01,0,71,12,13,25,68.0,274,2,14,7,2,2,1,68,9,3,0,0,0,0,0,1,4,3,16,1
12,Jai Newcombe,Hawthorn,20251202,0,10.6,14.53,79,63,0.01,0,80,10,8,18,72.2,355,6,9,3,4,2,1,79,3,3,0,0,3,0,1,1,6,3,19,0
12,Mabior Chol,Hawthorn,20251202,0,10.6,7.27,62,62,0.0,0,88,9,2,11,63.6,274,3,5,1,3,0,0,21,1,6,0,2,0,0,0,1,2,2,10,4
12,Lloyd Meek,Hawthorn,20251202,0,9.8,12.21,95,80,0.0,0,84,4,11,15,60.0,127,2,14,8,4,2,2,79,6,1,1,1,0,0,0,0,2,4,14,37
12,James Worpel,Hawthorn,20251202,0,8.8,11.55,90,81,0.01,0,74,14,7,21,61.9,314,5,10,9,3,3,1,64,5,2,0,0,2,1,0,0,3,4,18,0
12,Josh Ward,Hawthorn,20251202,0,8.0,9.68,95,85,0.0,0,76,11,15,26,76.9,301,3,7,4,1,1,2,71,4,3,1,0,0,0,0,0,3,3,20,0
12,Massimo D'Ambrosio,Hawthorn,20251202,0,6.2,9.91,80,71,0.0,0,78,15,3,18,88.9,390,1,6,4,2,1,1,0,4,4,0,0,0,0,0,0,1,2,8,0
12,Dylan Moore,Hawthorn,20251202,0,6.2,11.09,84,87,0.0,0,87,12,6,18,77.8,283,1,3,2,3,2,1,14,0,8,1,0,2,0,2,1,5,3,22,0
12,Nick Watson,Hawthorn,20251202,0,6.2,9.13,49,35,0.0,0,83,4,5,9,88.9,105,1,3,3,2,2,2,0,1,2,0,0,2,1,0,0,3,0,5,0
12,Jarman Impey,Hawthorn,20251202,0,5.9,7.73,73,66,0.0,0,86,12,4,16,87.5,189,1,1,1,0,0,1,0,2,6,1,0,0,0,0,0,3,1,11,0
12,Blake Hardwick,Hawthorn,20251202,0,5.3,9.39,48,41,0.0,0,77,5,4,9,55.6,135,0,5,4,5,4,3,0,0,4,1,0,2,0,1,0,3,1,8,0
12,Josh Weddle,Hawthorn,20251202,0,5.0,11.31,67,63,0.0,0,89,8,4,12,66.7,194,3,3,1,2,1,4,0,0,7,2,1,1,1,0,0,1,1,8,0
12,Jack Scrimshaw,Hawthorn,20251202,0,4.8,9.77,40,28,0.0,0,62,3,5,8,87.5,54,0,3,2,3,2,3,0,0,3,1,1,0,0,0,0,0,0,3,0
12,Harry Morrison,Hawthorn,20251202,0,3.8,8.74,26,44,0.0,0,86,6,6,12,58.3,188,2,3,2,2,2,3,4,1,4,1,0,2,0,1,0,3,1,12,0
12,James Sicily,Hawthorn,20251202,0,3.0,10.6,37,20,0.0,0,89,4,2,6,100.0,92,0,4,2,4,2,2,0,0,3,0,1,0,0,0,0,3,1,4,0
12,Josh Battle,Hawthorn,20251202,0,0.7,9.44,66,68,0.0,0,81,11,4,15,80.0,261,1,2,1,2,1,4,0,0,8,2,0,0,0,0,0,2,2,8,0
12,Changkuoth Jiath,Hawthorn,20251202,0,0.1,8.72,32,40,0.0,0,82,7,5,12,66.7,217,2,3,3,3,3,4,0,0,4,1,0,0,0,0,0,1,0,4,0
12,Connor Macdonald,Hawthorn,20251202,0,-1.2,7.86,40,50,0.0,0,72,7,8,15,60.0,136,2,3,3,2,2,1,0,1,3,0,0,0,0,0,0,3,1,7,0
12,Finn Maginness,Hawthorn,20251202,0,-1.6,3.23,10,30,0.0,0,26,4,1,5,20.0,88,2,2,0,1,0,0,0,1,1,0,0,0,0,0,0,0,3,7,0
13,Mabior Chol,Hawthorn,20251301,9,22.1,7.48,120,63,1.27,9,86,5,6,11,90.9,92,1,7,5,7,5,1,12,0,3,0,2,4,4,0,2,6,2,16,1
13,Josh Ward,Hawthorn,20251301,3,20.3,10.22,117,97,0.38,1,79,15,13,28,75.0,444,7,13,11,7,7,7,71,4,3,0,0,0,0,0,0,5,5,21,0
13,Josh Weddle,Hawthorn,20251301,5,19.5,11.02,114,89,0.41,1,92,13,5,18,94.4,537,3,5,1,5,1,8,0,0,6,4,1,1,1,0,0,3,4,11,0
13,Jai Newcombe,Hawthorn,20251301,9,19.0,14.45,114,108,2.85,87,76,19,8,27,66.7,599,3,15,10,3,3,4,79,10,3,1,0,2,1,0,0,10,6,21,0
13,Lloyd Meek,Hawthorn,20251301,2,15.4,12.1,134,120,0.24,1,86,7,8,15,53.3,150,3,12,1,5,1,4,83,5,5,3,4,1,0,1,0,5,6,16,48
13,Conor Nash,Hawthorn,20251301,0,14.4,8.35,100,88,0.08,0,76,12,9,21,76.2,377,3,7,4,3,3,3,58,4,3,1,0,1,1,0,0,5,7,25,0
13,Harry Morrison,Hawthorn,20251301,0,13.6,8.69,108,93,0.02,0,85,11,10,21,90.5,328,5,11,8,6,4,5,0,4,6,1,0,0,0,0,0,5,5,16,0
13,Jack Ginnivan,Hawthorn,20251301,0,13.5,7.92,100,96,0.17,0,73,11,12,23,73.9,280,4,8,6,6,5,3,0,1,6,0,0,4,2,0,1,7,2,13,0
13,Blake Hardwick,Hawthorn,20251301,0,10.2,9.18,73,63,0.01,0,84,10,7,17,82.4,296,1,4,4,4,4,7,0,0,5,3,0,0,0,0,0,2,1,12,0
13,Jarman Impey,Hawthorn,20251301,0,9.0,7.66,91,87,0.04,0,78,13,10,23,82.6,393,3,5,4,5,4,2,0,0,4,1,1,2,1,1,0,5,3,14,0
13,Massimo D'Ambrosio,Hawthorn,20251301,0,8.4,9.68,58,55,0.01,0,80,9,7,16,62.5,293,2,5,3,2,1,2,0,2,2,1,1,0,0,0,0,3,2,17,0
13,Seamus Mitchell,Hawthorn,20251301,0,7.4,4.25,59,64,0.0,0,78,7,3,10,80.0,161,1,5,3,5,3,4,0,0,4,0,1,0,0,0,0,1,6,16,0
13,Sam Butler,Hawthorn,20251301,0,6.7,5.14,55,64,0.01,0,68,7,7,14,64.3,174,2,4,2,1,1,1,33,1,3,0,0,0,0,0,2,3,5,18,0
13,Karl Amon,Hawthorn,20251301,0,6.4,10.91,74,79,0.02,0,84,13,6,19,84.2,381,2,2,2,2,2,2,0,0,5,1,0,0,0,0,0,4,4,20,0
13,Tom Barrass,Hawthorn,20251301,0,6.4,9.9,46,27,0.0,0,87,3,4,7,71.4,113,1,4,3,4,3,5,0,0,2,1,1,0,0,0,0,0,1,4,0
13,Max Ramsden,Hawthorn,20251301,0,6.2,2.09,55,50,0.0,0,80,5,4,9,44.4,125,1,7,1,3,1,0,4,1,4,0,2,2,0,1,1,5,3,8,2
13,Connor Macdonald,Hawthorn,20251301,0,6.1,7.78,79,84,0.01,0,73,12,3,15,60.0,302,3,9,7,8,7,2,0,0,2,0,0,2,1,1,1,6,7,12,0
13,Josh Battle,Hawthorn,20251301,0,5.6,8.86,57,58,0.01,0,93,11,5,16,75.0,158,1,2,0,2,0,3,0,0,5,3,2,0,0,0,0,1,0,9,0
13,Dylan Moore,Hawthorn,20251301,0,5.4,10.92,79,106,0.04,0,90,12,14,26,76.9,178,3,5,4,4,4,1,0,1,8,0,0,2,0,2,0,5,4,14,0
13,Jack Gunston,Hawthorn,20251301,0,5.4,7.25,56,53,0.01,0,90,9,2,11,63.6,251,5,2,2,1,1,1,0,0,6,1,0,2,1,0,0,3,1,7,0
13,Changkuoth Jiath,Hawthorn,20251301,0,4.8,3.97,22,18,0.0,0,28,4,1,5,40.0,129,0,2,2,1,1,1,0,1,0,0,0,1,0,0,0,1,1,4,0
13,James Worpel,Hawthorn,20251301,0,3.7,11.34,40,45,0.01,0,52,7,4,11,54.5,113,3,5,3,3,3,2,58,0,0,0,0,0,0,0,0,0,4,18,0
13,Finn Maginness,Hawthorn,20251301,0,0.7,5.48,29,42,0.0,0,81,2,9,11,54.5,83,1,4,4,3,3,0,0,0,2,0,0,1,0,0,0,2,3,15,0
14,Jarman Impey,Hawthorn,20251402,10,16.5,7.58,136,121,2.23,50,85,19,9,28,78.6,756,4,5,4,4,4,10,0,2,10,4,0,0,0,0,1,4,4,13,0
14,Dylan Moore,Hawthorn,20251402,6,16.0,10.8,162,122,0.92,15,88,12,11,23,78.3,428,5,11,6,8,6,3,33,3,3,0,0,1,0,1,0,5,13,21,0
14,Connor Macdonald,Hawthorn,20251402,1,14.2,7.17,114,81,0.11,1,72,8,6,14,57.1,218,0,10,8,7,6,1,0,2,0,0,0,3,2,0,0,6,8,18,0
14,Tom Barrass,Hawthorn,20251402,0,10.0,9.71,64,34,0.0,0,84,4,4,8,87.5,59,0,4,2,4,2,7,0,0,4,3,1,0,0,0,0,2,1,7,0
14,Blake Hardwick,Hawthorn,20251402,0,9.8,9.19,81,69,0.01,0,88,14,3,17,70.6,438,0,4,3,4,3,8,0,1,5,3,0,0,0,0,0,3,2,11,0
14,Mabior Chol,Hawthorn,20251402,0,9.7,7.95,70,56,0.01,0,88,9,3,12,25.0,180,1,8,4,8,4,2,0,0,2,0,1,2,1,1,0,4,3,11,0
14,Josh Weddle,Hawthorn,20251402,2,9.6,11.46,88,86,0.29,4,92,13,10,23,69.6,683,4,8,6,7,5,7,0,1,6,2,1,0,0,0,0,4,2,10,0
14,Conor Nash,Hawthorn,20251402,0,8.4,9.14,52,38,0.01,0,75,5,5,10,80.0,94,1,9,7,2,2,0,87,5,0,0,0,0,0,0,0,1,4,18,0
14,Harry Morrison,Hawthorn,20251402,0,8.1,9.0,65,59,0.01,0,78,10,2,12,58.3,297,3,7,5,5,4,3,0,1,5,1,1,1,0,1,0,4,3,10,0
14,Josh Battle,Hawthorn,20251402,0,8.1,8.71,77,51,0.01,0,97,10,5,15,60.0,215,0,5,3,5,3,6,0,0,3,0,0,0,0,0,0,2,1,10,0
14,Josh Ward,Hawthorn,20251402,0,6.6,10.87,92,82,0.03,0,80,13,7,20,75.0,308,4,8,7,5,4,5,27,3,4,0,0,0,0,0,0,1,5,10,0
14,Lloyd Meek,Hawthorn,20251402,0,6.3,12.4,93,84,0.07,1,86,11,4,15,46.7,286,4,10,5,1,0,2,100,7,3,0,0,1,0,1,1,3,1,10,40
14,Nick Watson,Hawthorn,20251402,0,5.9,9.01,45,28,0.0,0,82,4,6,10,70.0,61,2,7,4,5,4,5,20,1,0,0,0,1,0,0,1,5,2,13,0
14,Jack Ginnivan,Hawthorn,20251402,0,5.2,8.22,51,38,0.0,0,87,7,5,12,75.0,219,4,4,4,3,3,2,0,1,0,0,0,0,0,0,0,3,3,12,0
14,Massimo D'Ambrosio,Hawthorn,20251402,0,4.8,9.61,62,61,0.02,0,70,12,7,19,52.6,395,2,8,8,4,4,3,0,1,1,0,0,0,0,0,0,2,2,11,0
14,Karl Amon,Hawthorn,20251402,0,4.0,10.68,72,74,0.02,0,90,14,3,17,58.8,509,2,4,4,3,3,3,0,2,3,0,0,0,0,0,0,1,5,10,0
14,Jack Gunston,Hawthorn,20251402,3,3.1,7.15,76,59,0.08,1,89,9,3,12,58.3,283,2,5,2,5,2,1,0,0,5,0,0,6,2,3,2,8,0,8,0
14,Max Ramsden,Hawthorn,20251402,0,2.8,3.46,65,49,0.0,0,81,6,4,10,40.0,100,1,7,3,5,3,2,0,2,2,0,1,2,0,1,0,1,3,11,2
14,Seamus Mitchell,Hawthorn,20251402,0,2.6,4.6,31,33,0.0,0,65,3,3,6,50.0,134,0,3,3,3,3,3,0,0,2,0,0,0,0,0,0,1,3,8,0
14,Henry Hustwaite,Hawthorn,20251402,0,1.5,7.74,4,15,0.0,0,27,3,1,4,25.0,126,1,1,1,1,1,1,13,0,0,0,0,0,0,0,0,0,1,7,0
14,Sam Butler,Hawthorn,20251402,0,1.2,5.36,70,77,0.06,1,66,10,10,20,45.0,350,4,9,5,3,2,3,33,4,1,0,0,1,0,1,0,3,6,15,0
14,Jai Newcombe,Hawthorn,20251402,0,0.2,14.52,73,61,0.27,4,80,6,9,15,60.0,148,5,5,4,1,1,0,87,3,0,0,0,2,1,0,0,2,6,20,0
14,Changkuoth Jiath,Hawthorn,20251402,0,-2.3,4.02,39,45,0.01,0,52,11,2,13,53.8,338,3,3,2,3,2,3,0,0,2,0,0,0,0,0,0,2,1,6,0
16,Jack Gunston,Hawthorn,20251607,8,25.2,6.98,138,100,2.68,73,81,11,4,15,86.7,296,1,4,4,3,3,1,0,1,4,0,0,9,7,1,1,11,1,6,0
16,Mabior Chol,Hawthorn,20251607,4,24.9,8.15,119,97,0.59,3,88,9,5,14,78.6,378,3,7,4,6,3,1,15,1,7,0,2,5,5,0,1,10,1,12,4
16,Nick Watson,Hawthorn,20251607,0,15.1,8.96,91,58,0.01,0,75,9,4,13,76.9,324,6,5,3,4,2,2,12,1,3,1,1,4,3,1,1,8,0,5,0
16,Dylan Moore,Hawthorn,20251607,0,15.0,11.13,103,74,0.0,0,59,6,9,15,93.3,123,2,6,4,5,3,1,6,0,5,0,1,1,1,0,2,7,4,8,0
16,Conor Nash,Hawthorn,20251607,2,15.0,9.06,102,75,0.07,0,84,11,10,21,81.0,464,6,12,5,1,1,1,76,10,1,0,0,0,0,0,2,7,5,21,0
16,Karl Amon,Hawthorn,20251607,8,14.0,10.41,135,103,0.88,6,86,19,14,33,84.8,782,5,4,3,4,3,6,0,0,4,1,0,0,0,0,1,11,2,8,0
16,Jack Ginnivan,Hawthorn,20251607,0,12.2,8.13,89,86,0.01,0,85,8,11,19,73.7,216,2,5,4,4,3,0,0,1,8,0,1,2,2,0,0,7,1,19,0
16,Jai Newcombe,Hawthorn,20251607,7,12.2,13.78,119,103,1.63,18,86,15,12,27,70.4,484,5,13,5,2,1,2,74,9,6,2,1,1,0,1,2,9,4,13,0
16,Lloyd Meek,Hawthorn,20251607,1,10.9,12.24,91,99,0.01,0,83,6,5,11,72.7,198,2,6,2,1,0,1,79,5,3,1,0,0,0,0,0,5,6,14,37
16,Max Ramsden,Hawthorn,20251607,0,10.7,4.22,87,74,0.02,0,80,8,4,12,83.3,230,3,7,1,5,1,1,6,2,4,0,2,4,3,1,0,7,1,6,4
16,Connor Macdonald,Hawthorn,20251607,0,10.4,7.34,99,78,0.0,0,82,8,8,16,81.3,204,3,5,4,2,2,0,0,3,4,0,0,3,2,1,1,10,3,11,0
16,Jarman Impey,Hawthorn,20251607,0,9.7,8.07,83,54,0.0,0,81,9,8,17,70.6,322,3,8,6,6,4,6,0,0,3,1,1,1,0,1,1,5,3,11,0
16,Josh Weddle,Hawthorn,20251607,0,9.6,11.43,52,41,0.0,0,85,5,7,12,66.7,182,2,7,4,7,4,4,0,0,3,1,2,2,0,1,1,6,1,10,0
16,Cam Mackenzie,Hawthorn,20251607,0,8.4,9.47,89,76,0.02,0,78,11,9,20,80.0,284,4,10,6,5,4,5,50,5,3,0,0,1,0,1,0,7,4,24,0
16,Changkuoth Jiath,Hawthorn,20251607,0,7.9,7.58,69,47,0.01,0,79,7,8,15,86.7,214,2,5,5,5,5,8,0,0,4,3,0,0,0,0,1,5,1,6,0
16,Blake Hardwick,Hawthorn,20251607,0,7.3,9.23,64,53,0.0,0,87,8,2,10,80.0,244,0,4,3,4,3,5,0,0,3,2,1,0,0,0,0,1,4,6,0
16,Josh Battle,Hawthorn,20251607,0,6.1,8.73,70,65,0.0,0,92,11,7,18,83.3,363,0,6,4,6,4,8,0,0,4,1,1,0,0,0,0,3,3,7,0
16,Josh Ward,Hawthorn,20251607,0,5.7,10.67,87,75,0.01,0,68,16,4,20,55.0,526,7,5,2,2,2,1,47,2,3,0,0,1,0,1,2,9,3,15,0
16,Seamus Mitchell,Hawthorn,20251607,0,5.4,2.18,25,23,0.0,0,32,3,5,8,87.5,73,0,5,4,5,4,5,0,0,1,0,0,0,0,0,0,2,0,0,0
16,Tom Barrass,Hawthorn,20251607,0,5.2,9.69,43,24,0.0,0,81,3,5,8,100.0,44,0,5,5,5,5,5,0,0,2,1,0,0,0,0,0,3,1,5,0
16,Massimo D'Ambrosio,Hawthorn,20251607,0,5.1,9.25,65,69,0.0,0,74,14,2,16,87.5,535,3,2,0,1,0,1,0,1,4,0,0,1,0,1,1,4,2,9,0
16,Harry Morrison,Hawthorn,20251607,0,4.6,8.92,49,53,0.0,0,80,8,4,12,75.0,218,3,1,1,1,1,1,0,1,4,0,0,0,0,0,0,7,3,21,0
16,Sam Butler,Hawthorn,20251607,0,1.9,5.1,31,36,0.0,0,73,4,4,8,62.5,131,1,3,2,1,1,0,35,2,1,0,0,1,0,1,0,3,3,8,0
17,Lloyd Meek,Hawthorn,20251703,4,17.6,12.16,140,138,0.78,7,88,7,13,20,65.0,176,1,14,4,4,1,2,89,5,4,1,2,0,0,0,0,10,6,17,59
17,Tom Barrass,Hawthorn,20251703,4,14.9,9.4,83,55,0.02,0,90,8,5,13,92.3,56,0,8,4,8,4,9,0,0,5,4,2,0,0,0,0,3,1,4,0
17,Josh Battle,Hawthorn,20251703,2,14.9,8.59,124,88,0.07,0,92,13,10,23,91.3,293,0,6,5,6,5,9,0,0,7,2,0,0,0,0,0,1,2,9,0
17,Jai Newcombe,Hawthorn,20251703,0,14.0,13.81,99,92,0.62,5,83,9,13,22,68.2,287,2,15,5,7,4,5,89,7,3,0,1,1,1,0,1,5,7,27,0
17,Massimo D'Ambrosio,Hawthorn,20251703,0,13.1,9.05,74,91,0.03,0,79,17,3,20,80.0,644,3,1,1,0,0,1,0,1,8,1,0,2,1,0,0,7,1,17,0
17,Harry Morrison,Hawthorn,20251703,0,12.7,8.64,85,80,0.01,0,83,10,8,18,88.9,353,4,2,0,1,0,2,0,1,8,1,1,1,1,0,1,7,1,9,0
17,Nick Watson,Hawthorn,20251703,0,12.7,9.18,78,50,0.0,0,67,5,5,10,90.0,126,2,6,6,6,6,1,4,0,3,0,0,3,2,0,0,6,1,3,0
17,Jack Gunston,Hawthorn,20251703,2,11.6,7.46,69,63,0.05,0,87,9,0,9,66.7,363,4,0,0,0,0,1,0,0,5,0,0,6,3,2,0,7,0,4,0
17,Dylan Moore,Hawthorn,20251703,0,9.9,11.1,67,71,0.01,0,88,11,6,17,64.7,340,6,4,4,2,2,0,4,1,4,0,0,4,1,3,1,8,2,13,0
17,Josh Ward,Hawthorn,20251703,0,9.6,10.37,67,71,0.0,0,82,6,8,14,92.9,58,0,6,5,2,2,0,56,3,4,0,0,0,0,0,0,4,6,22,0
17,Changkuoth Jiath,Hawthorn,20251703,0,8.6,7.62,71,70,0.01,0,75,13,5,18,88.9,348,1,3,3,3,3,5,0,1,7,2,0,0,0,0,0,5,0,6,0
17,Karl Amon,Hawthorn,20251703,0,8.4,10.61,78,86,0.03,0,84,17,4,21,76.2,553,3,0,0,0,0,3,0,0,9,2,0,0,0,0,1,5,0,12,0
17,Connor Macdonald,Hawthorn,20251703,0,8.3,7.45,66,57,0.0,0,81,4,5,9,88.9,140,2,3,2,1,1,0,0,2,4,0,0,1,1,0,0,3,4,15,0
17,Jack Ginnivan,Hawthorn,20251703,0,7.2,8.19,80,70,0.01,0,78,11,8,19,68.4,180,2,6,5,5,4,0,0,0,3,0,0,2,1,0,2,5,1,13,0
17,Blake Hardwick,Hawthorn,20251703,0,6.6,9.12,75,75,0.01,0,92,11,3,14,64.3,244,0,5,4,2,1,3,0,2,5,1,0,0,0,0,0,1,5,17,0
17,Mabior Chol,Hawthorn,20251703,0,6.5,8.57,64,55,0.0,0,89,4,3,7,42.9,62,0,6,4,5,3,0,11,1,2,0,1,4,2,2,0,5,5,16,0
17,Jarman Impey,Hawthorn,20251703,0,5.7,8.19,122,100,0.03,0,84,18,4,22,81.8,595,1,2,0,2,0,4,0,0,7,3,1,0,0,0,0,4,4,9,0
17,James Worpel,Hawthorn,20251703,0,5.2,10.31,39,41,0.01,0,71,7,7,14,42.9,115,3,10,8,4,4,3,56,3,0,0,0,0,0,0,0,2,3,21,0
17,Max Ramsden,Hawthorn,20251703,0,4.5,5.39,46,40,0.0,0,52,5,0,5,100.0,112,0,3,0,3,0,0,0,0,5,0,3,1,1,0,1,2,0,3,4
17,Conor Nash,Hawthorn,20251703,0,3.8,9.48,66,78,0.05,0,74,11,8,19,47.4,233,5,12,2,0,0,0,63,8,1,0,0,1,0,1,1,4,6,19,1
17,James Sicily,Hawthorn,20251703,0,3.4,10.13,67,63,0.01,0,83,9,7,16,75.0,253,0,4,3,3,3,4,0,0,7,1,0,0,0,0,0,2,1,13,0
17,Seamus Mitchell,Hawthorn,20251703,0,0.3,2.3,3,3,0.0,0,39,1,0,1,100.0,20,0,0,0,0,0,0,0,0,1,0,0,0,0,0,0,1,0,6,0
17,Cam Mackenzie,Hawthorn,20251703,0,-1.1,9.58,37,41,0.0,0,59,7,7,14,64.3,183,3,2,2,1,1,2,30,2,1,0,0,0,0,0,0,2,3,19,0
18,Calsher Dear,Hawthorn,20251809,0,15.9,6.16,78,54,0.0,0,76,5,4,9,77.8,160,0,4,3,3,2,0,0,1,3,0,0,4,3,0,1,5,1,11,0
18,Jack Ginnivan,Hawthorn,20251809,1,13.7,8.16,114,98,0.04,0,86,16,11,27,55.6,278,4,11,11,9,9,1,0,2,4,0,0,3,1,1,0,6,3,10,0
18,James Sicily,Hawthorn,20251809,0,13.3,9.67,114,82,0.01,0,93,16,5,21,81.0,319,4,9,6,8,5,7,0,0,7,2,1,1,0,0,0,1,1,9,0
18,Lloyd Meek,Hawthorn,20251809,3,13.1,12.51,151,136,0.04,0,87,4,7,11,72.7,85,1,9,1,4,0,4,92,4,3,2,2,1,0,1,0,2,13,23,48
18,Jarman Impey,Hawthorn,20251809,0,12.0,8.07,91,72,0.01,0,78,16,5,21,61.9,588,6,5,3,5,3,10,0,0,4,2,0,0,0,0,0,3,1,11,0
18,Harry Morrison,Hawthorn,20251809,0,10.9,8.8,77,76,0.0,0,81,8,10,18,88.9,197,4,6,5,3,2,6,0,3,2,2,1,0,0,0,0,2,8,17,0
18,Connor Macdonald,Hawthorn,20251809,0,10.8,7.44,86,69,0.0,0,83,10,4,14,78.6,192,3,5,4,5,4,4,0,1,1,1,0,1,1,0,2,5,5,25,0
18,Tom Barrass,Hawthorn,20251809,0,10.3,9.72,69,46,0.0,0,89,8,5,13,76.9,97,1,6,4,6,4,9,0,0,3,3,0,0,0,0,1,2,1,5,0
18,Karl Amon,Hawthorn,20251809,2,9.9,10.49,93,119,0.16,2,90,21,9,30,60.0,693,5,7,6,4,3,7,0,3,9,2,0,0,0,0,0,4,3,17,0
18,Jack Gunston,Hawthorn,20251809,0,9.6,7.69,59,58,0.0,0,90,7,4,11,36.4,281,2,7,5,7,5,1,0,0,3,0,1,3,1,1,0,4,3,9,0
18,Blake Hardwick,Hawthorn,20251809,0,8.8,9.05,57,42,0.0,0,91,7,6,13,76.9,134,0,8,6,8,6,8,0,0,1,1,1,0,0,0,0,0,2,9,0
18,Jai Newcombe,Hawthorn,20251809,0,8.4,13.76,81,68,0.09,1,80,7,17,24,66.7,165,2,14,7,2,1,2,84,7,2,0,0,0,0,0,0,1,2,14,0
18,James Worpel,Hawthorn,20251809,0,8.2,10.03,84,81,0.02,0,69,10,12,22,59.1,211,4,10,8,4,3,2,56,5,1,0,0,0,0,0,0,1,8,24,0
18,Finn Maginness,Hawthorn,20251809,0,7.7,2.97,41,29,0.0,0,36,4,4,8,37.5,123,1,5,4,3,2,2,0,1,1,0,1,1,1,0,0,1,0,10,0
18,Dylan Moore,Hawthorn,20251809,0,7.4,11.15,53,70,0.01,0,85,11,6,17,29.4,368,1,7,6,4,4,2,8,1,1,0,0,4,1,1,0,3,5,23,0
18,Nick Watson,Hawthorn,20251809,0,7.4,9.33,46,25,0.0,0,81,4,4,8,62.5,175,2,7,7,7,7,1,0,0,0,0,0,2,1,1,0,2,1,8,0
18,Changkuoth Jiath,Hawthorn,20251809,0,6.6,7.67,52,34,0.0,0,72,1,8,9,77.8,85,1,5,5,3,3,2,0,2,1,0,0,0,0,0,0,1,3,12,0
18,Josh Battle,Hawthorn,20251809,0,5.4,8.9,56,56,0.0,0,88,9,6,15,86.7,300,1,4,3,4,3,5,0,0,5,1,1,0,0,0,0,2,2,4,0
18,Josh Ward,Hawthorn,20251809,0,4.5,10.41,66,73,0.0,0,79,7,10,17,76.5,136,0,7,4,3,3,2,48,3,4,0,0,0,0,0,2,3,5,14,0
18,Massimo D'Ambrosio,Hawthorn,20251809,0,3.8,9.29,68,71,0.0,0,77,15,5,20,65.0,442,3,4,3,2,2,2,0,1,5,1,0,0,0,0,0,2,1,9,0
18,Cam Mackenzie,Hawthorn,20251809,0,1.3,8.96,11,28,0.0,0,38,4,4,8,50.0,96,1,4,3,1,1,0,36,1,1,0,0,0,0,0,0,1,2,12,0
18,Conor Nash,Hawthorn,20251809,0,0.9,9.19,53,79,0.01,0,77,12,10,22,40.9,159,3,11,7,2,2,2,68,4,0,0,0,0,0,0,0,1,5,17,3
18,Mabior Chol,Hawthorn,20251809,0,0.3,8.7,33,36,0.0,0,78,6,1,7,42.9,207,2,1,0,1,0,1,8,0,3,0,1,2,0,1,0,2,3,6,0
19,Jarman Impey,Hawthorn,20251909,7,16.7,8.21,120,126,1.7,26,82,18,8,26,61.5,459,2,9,6,9,6,6,0,0,5,1,0,5,3,2,0,7,5,13,0
19,Dylan Moore,Hawthorn,20251909,9,16.6,11.09,97,143,2.4,56,91,25,7,32,40.6,523,8,6,5,3,3,3,17,6,2,0,0,4,2,0,1,7,9,29,0
19,Blake Hardwick,Hawthorn,20251909,8,16.5,9.05,136,114,1.16,14,96,22,5,27,74.1,840,3,7,4,6,3,8,0,1,8,4,3,0,0,0,0,3,4,12,0
19,James Worpel,Hawthorn,20251909,0,14.2,9.9,87,106,0.18,2,68,19,7,26,46.2,449,6,14,10,4,4,5,57,9,2,0,0,0,0,0,0,3,7,26,0
19,Conor Nash,Hawthorn,20251909,0,13.6,8.73,101,103,0.01,0,72,9,10,19,36.8,277,4,14,10,8,5,5,74,3,1,1,0,0,0,0,0,0,13,26,0
19,Josh Battle,Hawthorn,20251909,0,13.2,8.68,105,69,0.01,0,95,11,6,17,70.6,219,2,10,7,7,5,8,0,2,2,0,0,0,0,0,0,4,3,13,8
19,Josh Ward,Hawthorn,20251909,1,13.0,10.11,121,111,0.23,2,82,15,11,26,50.0,567,10,18,13,7,6,5,57,6,2,0,0,0,0,0,0,3,9,25,0
19,Jack Gunston,Hawthorn,20251909,1,13.0,7.8,97,69,0.06,0,78,9,4,13,69.2,114,0,8,5,7,5,0,0,1,3,0,2,6,3,2,0,7,1,9,0
19,James Sicily,Hawthorn,20251909,0,12.2,9.98,100,85,0.01,0,85,13,8,21,85.7,389,0,8,5,7,4,12,0,0,6,3,0,0,0,0,0,1,3,7,0
19,Nick Watson,Hawthorn,20251909,0,10.5,8.61,51,41,0.01,0,76,7,6,13,69.2,263,5,7,4,5,3,1,22,1,0,0,0,1,1,0,2,6,2,12,0
19,Jai Newcombe,Hawthorn,20251909,0,10.0,13.44,68,37,0.02,0,78,2,9,11,81.8,116,1,8,7,1,1,1,74,5,0,0,0,0,0,0,0,1,4,17,0
19,Massimo D'Ambrosio,Hawthorn,20251909,0,9.3,9.0,80,67,0.0,0,69,11,6,17,52.9,200,4,9,9,4,4,3,0,2,2,1,0,0,0,0,0,1,4,14,0
19,Jack Ginnivan,Hawthorn,20251909,0,9.1,8.53,72,80,0.01,0,74,12,9,21,47.6,282,2,5,5,5,5,3,0,1,4,1,0,2,1,0,0,4,2,6,0
19,Harry Morrison,Hawthorn,20251909,0,8.4,8.89,61,71,0.01,0,87,16,5,21,42.9,399,3,6,4,4,2,7,0,2,1,1,0,1,0,0,1,3,2,11,0
19,Jack Scrimshaw,Hawthorn,20251909,0,7.3,9.37,67,69,0.01,0,73,9,9,18,66.7,281,1,8,6,8,6,8,0,0,2,1,0,0,0,0,0,1,5,6,0
19,Lloyd Meek,Hawthorn,20251909,0,6.7,12.66,87,84,0.01,0,84,4,8,12,50.0,177,3,9,4,2,2,0,83,5,1,0,0,0,0,0,0,3,4,17,45
19,Bailey Macdonald,Hawthorn,20251909,0,6.4,3.38,38,25,0.0,0,32,3,1,4,100.0,83,2,2,2,2,2,1,0,0,0,0,0,1,1,0,0,1,2,9,0
19,Tom Barrass,Hawthorn,20251909,0,5.8,9.78,50,33,0.0,0,87,3,2,5,80.0,66,0,3,0,3,0,5,0,0,4,3,2,0,0,0,0,0,2,7,0
19,Karl Amon,Hawthorn,20251909,0,4.3,10.51,76,80,0.02,0,80,16,6,22,45.5,544,4,5,4,3,2,6,0,2,3,1,0,0,0,0,0,5,4,10,0
19,Mitch Lewis,Hawthorn,20251909,0,3.5,7.67,37,27,0.0,0,58,4,3,7,28.6,108,2,4,3,3,3,0,0,1,0,0,0,1,0,1,1,3,2,9,0
19,Connor Macdonald,Hawthorn,20251909,0,3.5,7.59,49,66,0.0,0,78,9,3,12,58.3,232,2,2,2,1,1,3,0,1,3,0,0,0,0,0,0,2,6,25,0
19,Finn Maginness,Hawthorn,20251909,0,3.4,5.74,47,41,0.0,0,90,3,6,9,44.4,62,1,6,6,2,2,1,0,2,0,0,0,0,0,0,0,0,5,11,0
19,Calsher Dear,Hawthorn,20251909,0,1.2,6.65,62,57,0.01,0,81,6,4,10,70.0,116,0,6,2,6,2,2,17,0,3,0,2,4,2,2,1,6,1,14,5
2,Jai Newcombe,Hawthorn,20250201,9,18.1,14.81,149,142,2.99,99,80,16,16,32,75.0,384,5,20,11,9,8,8,78,9,5,1,0,1,0,1,0,9,11,30,0
2,Josh Battle,Hawthorn,20250201,9,15.4,9.0,108,75,0.35,0,98,10,11,21,85.7,396,4,6,5,6,5,9,0,0,5,1,1,0,0,0,0,4,2,6,0
2,Josh Ward,Hawthorn,20250201,0,14.3,8.18,101,101,0.13,0,76,10,14,24,66.7,344,2,9,9,4,4,2,35,4,3,0,0,1,1,0,0,3,7,16,0
2,Changkuoth Jiath,Hawthorn,20250201,0,13.3,7.73,96,68,0.04,0,74,12,8,20,90.0,343,2,8,6,7,6,8,0,1,3,2,0,0,0,0,0,4,3,13,0
2,Massimo D'Ambrosio,Hawthorn,20250201,2,12.5,11.12,109,94,0.21,0,83,14,11,25,68.0,377,3,8,7,4,3,4,0,2,4,1,0,0,0,0,0,5,4,11,0
2,Blake Hardwick,Hawthorn,20250201,2,12.2,9.51,92,76,0.1,0,91,10,3,13,100.0,285,0,3,1,3,1,3,0,0,5,3,1,2,2,0,0,4,3,7,0
2,Nick Watson,Hawthorn,20250201,0,12.1,8.62,79,77,0.05,0,79,10,6,16,68.8,435,4,5,4,2,1,1,0,2,6,0,0,4,2,2,1,7,2,7,0
2,Lloyd Meek,Hawthorn,20250201,0,11.7,12.46,90,65,0.02,0,80,2,11,13,76.9,53,0,9,4,4,2,1,91,3,0,0,0,0,0,0,0,3,1,7,37
2,James Sicily,Hawthorn,20250201,0,11.4,11.89,99,81,0.06,0,95,16,3,19,68.4,436,1,4,1,4,1,5,0,0,5,1,2,2,1,0,0,4,2,10,0
2,Dylan Moore,Hawthorn,20250201,0,10.4,11.76,57,45,0.01,0,79,5,4,9,88.9,130,3,5,3,4,2,0,4,1,1,0,0,1,1,0,0,6,5,17,0
2,Conor Nash,Hawthorn,20250201,0,9.7,9.45,68,75,0.06,0,79,9,7,16,62.5,285,3,6,4,1,0,0,78,5,2,0,0,1,0,1,0,5,7,22,1
2,Jack Ginnivan,Hawthorn,20250201,0,8.7,8.26,50,44,0.01,0,78,4,6,10,90.0,133,2,4,2,1,1,0,0,3,1,0,0,0,0,0,2,3,4,12,0
2,Jarman Impey,Hawthorn,20250201,0,8.7,8.2,93,65,0.01,0,79,9,4,13,84.6,152,3,7,3,7,3,7,0,0,3,2,1,0,0,0,1,2,6,10,0
2,Will Day,Hawthorn,20250201,0,8.1,12.74,76,75,0.35,0,76,13,13,26,61.5,436,7,12,5,3,1,1,74,5,1,0,0,0,0,0,1,7,5,15,0
2,Jack Gunston,Hawthorn,20250201,0,8.0,2.25,68,59,0.01,0,60,6,3,9,66.7,194,1,3,3,3,3,0,0,0,5,0,0,2,2,0,1,3,2,10,0
2,Tom Barrass,Hawthorn,20250201,0,8.0,10.62,52,47,0.01,0,89,5,5,10,80.0,105,1,4,3,4,3,7,0,0,3,2,0,0,0,0,0,1,3,6,0
2,Cam Mackenzie,Hawthorn,20250201,0,7.8,8.62,82,82,0.04,0,65,13,6,19,84.2,261,5,3,1,2,0,3,30,1,6,2,1,0,0,0,0,2,3,18,0
2,Karl Amon,Hawthorn,20250201,0,7.8,9.85,106,91,0.06,0,84,11,11,22,77.3,361,2,6,4,5,3,7,0,1,3,0,0,0,0,0,0,3,6,18,0
2,Mabior Chol,Hawthorn,20250201,1,6.4,7.83,64,57,0.13,0,86,10,1,11,45.5,241,1,4,2,4,2,0,9,0,4,0,2,5,3,1,1,7,0,9,0
2,Harry Morrison,Hawthorn,20250201,0,6.1,8.87,62,61,0.0,0,79,5,7,12,66.7,182,1,6,4,3,2,3,0,2,1,0,0,0,0,0,1,2,7,17,0
2,Finn Maginness,Hawthorn,20250201,0,2.4,6.16,41,41,0.01,0,79,8,5,13,53.8,272,3,5,5,5,5,1,0,0,4,0,0,2,0,1,1,4,0,5,0
2,Connor Macdonald,Hawthorn,20250201,0,1.8,9.28,10,20,0.0,0,27,3,2,5,60.0,145,1,0,0,0,0,0,0,0,1,0,0,0,0,0,0,0,1,3,0
2,Josh Weddle,Hawthorn,20250201,0,0.8,10.56,54,61,0.01,0,86,5,5,10,60.0,149,1,6,4,6,4,5,0,0,3,0,0,1,0,1,0,2,4,15,9
20,James Sicily,Hawthorn,20252007,10,18.1,10.01,130,110,2.13,45,83,17,8,25,88.0,365,2,6,3,6,3,14,0,0,11,7,1,0,0,0,0,3,3,7,0
20,Josh Ward,Hawthorn,20252007,0,17.0,10.33,107,83,0.11,1,83,7,15,22,77.3,244,3,10,9,7,6,5,40,1,4,1,0,2,1,0,1,8,4,14,0
20,Nick Watson,Hawthorn,20252007,0,16.0,9.23,74,56,0.06,1,80,7,9,16,68.8,294,1,6,6,6,6,2,12,0,1,0,0,2,2,0,0,5,2,9,0
20,James Worpel,Hawthorn,20252007,0,14.6,10.07,93,80,0.1,1,83,8,9,17,76.5,280,4,7,5,3,3,2,56,3,2,0,0,1,0,0,0,5,9,22,0
20,Massimo D'Ambrosio,Hawthorn,20252007,0,13.6,8.94,93,86,0.07,1,72,13,9,22,86.4,378,2,5,5,3,3,3,0,1,7,1,0,0,0,0,0,2,2,7,0
20,Jack Ginnivan,Hawthorn,20252007,0,13.6,8.44,95,85,0.05,0,83,9,9,18,61.1,286,4,7,4,4,2,2,0,2,3,0,0,1,1,0,0,5,6,18,0
20,Mitch Lewis,Hawthorn,20252007,0,13.3,7.34,87,76,0.04,0,76,9,5,14,85.7,303,3,5,3,5,3,1,0,0,6,0,1,3,2,1,1,6,2,12,5
20,Tom Barrass,Hawthorn,20252007,6,13.3,9.57,89,56,0.16,2,84,9,4,13,100.0,141,1,3,2,3,2,8,0,0,7,6,1,0,0,0,1,1,0,2,0
20,Jack Gunston,Hawthorn,20252007,4,11.9,7.84,101,86,1.13,18,86,13,5,18,72.2,316,4,3,1,2,0,0,0,1,4,0,0,6,3,1,2,10,1,8,0
20,Jai Newcombe,Hawthorn,20252007,0,9.4,13.19,58,39,0.02,0,48,3,5,8,100.0,88,1,7,3,3,1,0,48,3,2,0,1,0,0,0,0,2,3,10,0
20,Lloyd Meek,Hawthorn,20252007,0,9.3,12.33,70,65,0.03,0,83,6,7,13,46.2,118,1,8,5,1,0,1,92,3,3,0,0,0,0,0,0,5,2,14,31
20,Calsher Dear,Hawthorn,20252007,0,8.7,6.23,84,74,0.04,0,84,7,4,11,54.5,153,1,7,2,6,2,1,8,0,5,0,4,4,2,2,0,5,4,12,0
20,Dylan Moore,Hawthorn,20252007,5,8.5,11.54,105,99,0.86,14,89,13,14,27,70.4,262,2,8,5,4,3,3,12,2,6,0,1,1,0,0,1,9,4,16,0
20,Will Day,Hawthorn,20252007,0,8.0,12.81,77,68,0.08,1,69,8,7,15,66.7,172,2,7,2,3,1,2,64,3,4,2,1,0,0,0,1,4,5,21,0
20,Harry Morrison,Hawthorn,20252007,0,7.8,8.97,67,67,0.02,0,80,8,9,17,76.5,294,4,6,5,5,5,6,0,2,5,1,0,1,1,0,0,2,1,7,0
20,Connor Macdonald,Hawthorn,20252007,0,7.0,7.37,74,75,0.03,0,78,7,9,16,62.5,193,1,5,3,2,2,0,12,2,4,0,0,1,1,0,1,3,5,10,0
20,Jarman Impey,Hawthorn,20252007,5,5.8,8.48,108,99,0.59,9,80,14,11,25,76.0,350,0,2,1,2,1,3,0,0,8,2,1,2,0,2,0,8,3,14,0
20,Josh Battle,Hawthorn,20252007,0,5.4,8.94,67,56,0.01,0,89,9,5,14,92.9,244,2,5,5,5,5,6,0,0,7,0,0,0,0,0,0,4,1,8,0
20,Jack Scrimshaw,Hawthorn,20252007,0,5.3,9.22,64,65,0.04,0,82,9,6,15,73.3,213,1,5,1,5,1,6,0,0,6,5,4,0,0,0,0,4,2,5,0
20,Conor Nash,Hawthorn,20252007,0,5.0,8.37,84,95,0.11,1,77,8,13,21,76.2,112,2,6,4,1,1,1,56,4,8,0,0,0,0,0,0,4,5,25,4
20,Blake Hardwick,Hawthorn,20252007,0,4.9,9.5,65,80,0.03,0,91,15,4,19,89.5,315,2,3,1,2,1,2,0,0,7,0,0,0,0,0,0,4,2,8,0
20,Karl Amon,Hawthorn,20252007,0,2.0,10.12,49,58,0.02,0,82,15,2,17,82.4,404,1,0,0,0,0,0,0,0,3,0,0,0,0,0,0,3,0,7,0
20,Bailey Macdonald,Hawthorn,20252007,0,1.2,3.18,13,14,0.0,0,39,1,2,3,100.0,54,0,0,0,0,0,1,0,0,3,1,0,0,0,0,0,1,1,5,0
21,Will Day,Hawthorn,20252101,0,20.6,12.39,113,89,0.04,0,71,6,13,19,84.2,120,2,15,9,7,5,3,66,7,1,0,1,1,1,0,0,5,9,20,0
21,Jack Ginnivan,Hawthorn,20252101,0,17.9,8.61,108,80,0.02,0,81,11,9,20,70.0,315,4,8,6,7,5,5,0,1,3,0,0,3,2,1,2,6,1,20,0
21,Nick Watson,Hawthorn,20252101,0,13.2,9.52,88,64,0.0,0,85,6,8,14,78.6,134,0,9,8,7,6,2,6,2,1,0,1,4,1,3,0,6,4,13,0
21,Dylan Moore,Hawthorn,20252101,0,13.0,11.51,83,62,0.0,0,92,3,12,15,80.0,104,1,6,5,5,5,2,12,1,1,0,0,1,1,0,1,5,5,17,0
21,Lloyd Meek,Hawthorn,20252101,0,12.9,12.14,117,107,0.02,0,88,7,10,17,76.5,182,1,11,9,0,0,0,88,10,3,0,0,0,0,0,0,5,5,18,44
21,Jai Newcombe,Hawthorn,20252101,0,10.4,12.99,81,75,0.05,0,80,7,12,19,73.7,207,4,11,7,1,1,1,72,9,3,0,0,0,0,0,1,2,6,18,0
21,Karl Amon,Hawthorn,20252101,0,10.4,9.68,100,82,0.01,0,83,15,8,23,82.6,606,4,5,4,5,4,5,0,0,1,0,0,0,0,0,2,3,5,13,0
21,Jarman Impey,Hawthorn,20252101,0,10.3,8.39,97,85,0.02,0,86,13,9,22,72.7,364,1,5,4,3,2,5,0,2,5,3,1,1,0,1,0,2,3,18,0
21,Massimo D'Ambrosio,Hawthorn,20252101,0,10.2,9.12,80,84,0.03,0,76,12,13,25,72.0,386,3,9,7,4,4,1,0,5,4,0,0,3,1,2,0,6,1,12,0
21,James Sicily,Hawthorn,20252101,2,9.4,10.31,87,82,0.05,0,95,15,3,18,94.4,488,7,4,2,4,2,9,0,0,11,7,2,0,0,0,1,4,1,5,0
21,Mitch Lewis,Hawthorn,20252101,0,8.9,7.68,64,46,0.0,0,78,5,2,7,85.7,136,2,2,0,1,0,0,0,0,4,0,1,1,1,0,0,3,3,9,0
21,Josh Battle,Hawthorn,20252101,4,8.9,8.73,89,92,0.07,1,95,14,8,22,72.7,406,0,4,3,3,2,9,0,1,8,4,1,0,0,0,0,2,3,9,0
21,Conor Nash,Hawthorn,20252101,0,8.8,8.23,74,71,0.01,0,79,7,10,17,52.9,323,3,4,2,0,0,0,66,2,1,0,0,1,1,0,1,5,5,17,0
21,Connor Macdonald,Hawthorn,20252101,0,8.4,7.23,66,60,0.0,0,70,7,8,15,73.3,220,3,7,6,5,4,2,6,1,3,0,1,1,0,1,0,4,4,16,0
21,Jack Gunston,Hawthorn,20252101,0,8.0,8.17,86,54,0.02,0,86,7,3,10,70.0,161,0,7,4,7,4,0,0,0,2,0,0,7,4,1,0,7,0,10,0
21,Josh Ward,Hawthorn,20252101,0,7.3,10.79,50,48,0.0,0,71,10,5,15,73.3,431,6,3,3,0,0,0,34,2,2,0,0,0,0,0,0,3,2,9,0
21,Jack Scrimshaw,Hawthorn,20252101,0,6.4,9.05,42,37,0.0,0,73,6,5,11,90.9,148,2,4,3,4,3,5,0,0,4,3,1,1,0,0,0,3,0,4,0
21,Harry Morrison,Hawthorn,20252101,0,6.2,8.83,67,65,0.0,0,84,11,8,19,68.4,419,3,3,2,3,2,1,0,0,5,0,0,0,0,0,1,2,0,11,0
21,Blake Hardwick,Hawthorn,20252101,0,5.6,9.28,55,42,0.0,0,91,8,7,15,80.0,275,1,5,4,4,3,4,0,1,2,1,0,0,0,0,0,2,0,10,0
21,Mabior Chol,Hawthorn,20252101,0,5.4,7.77,26,40,0.0,0,74,7,2,9,44.4,104,1,5,3,2,2,0,12,3,1,0,0,1,1,0,0,2,2,7,4
21,Tom Barrass,Hawthorn,20252101,0,5.3,9.71,43,32,0.0,0,85,3,4,7,100.0,110,1,1,0,1,0,3,0,0,2,1,0,0,0,0,0,1,2,10,0
21,James Worpel,Hawthorn,20252101,0,2.1,4.78,34,37,0.0,0,34,5,8,13,38.5,174,0,5,3,1,0,1,38,1,0,0,0,0,0,0,0,0,2,9,0
21,Calsher Dear,Hawthorn,20252101,0,1.3,6.75,9,9,0.0,0,44,1,2,3,100.0,-20,0,2,1,2,1,0,0,0,0,0,0,0,0,0,0,2,1,6,0
22,Nick Watson,Hawthorn,20252207,3,19.9,10.05,101,50,0.03,0,82,6,8,14,85.7,224,2,10,8,9,8,1,15,1,0,0,0,3,2,0,2,5,1,6,0
22,Jarman Impey,Hawthorn,20252207,4,19.5,8.55,111,102,0.22,1,85,18,7,25,84.0,494,5,4,2,2,1,3,0,2,8,1,0,0,0,0,3,7,2,12,0
22,Lloyd Meek,Hawthorn,20252207,10,18.0,12.22,148,112,2.43,53,81,7,3,10,90.0,133,2,5,0,2,0,0,93,3,7,0,2,3,3,0,1,7,4,15,32
22,Jai Newcombe,Hawthorn,20252207,8,16.2,12.85,126,93,2.27,43,70,10,18,28,71.4,226,4,13,7,5,3,3,78,7,5,1,1,2,1,0,0,11,2,13,0
22,Dylan Moore,Hawthorn,20252207,4,12.3,11.6,110,91,0.21,1,84,12,13,25,76.0,259,2,7,7,4,4,1,19,2,6,0,0,1,1,0,2,6,2,9,0
22,Jack Scrimshaw,Hawthorn,20252207,0,12.2,8.94,66,57,0.0,0,78,8,7,15,100.0,200,0,3,3,3,3,7,0,0,6,3,0,0,0,0,0,2,1,13,0
22,Jack Gunston,Hawthorn,20252207,0,12.0,8.21,92,77,0.12,0,85,8,3,11,81.8,215,3,2,2,2,2,0,0,0,5,0,0,4,4,0,0,6,2,10,0
22,Conor Nash,Hawthorn,20252207,0,11.9,8.22,87,86,0.08,0,82,12,11,23,78.3,354,3,6,4,0,0,0,67,5,5,0,0,1,0,0,0,7,3,16,0
22,Josh Battle,Hawthorn,20252207,0,11.8,8.76,94,91,0.09,0,92,19,7,26,80.8,464,0,5,3,5,3,7,0,0,7,2,1,1,0,1,0,3,0,5,0
22,Mabior Chol,Hawthorn,20252207,0,11.1,8.01,84,88,0.08,0,75,10,4,14,64.3,220,1,6,3,4,2,0,7,2,5,0,1,6,3,2,0,8,3,11,2
22,Karl Amon,Hawthorn,20252207,0,10.1,9.69,107,98,0.08,0,83,15,12,27,96.3,353,1,2,1,0,0,1,0,1,8,1,0,0,0,0,1,7,1,15,0
22,Massimo D'Ambrosio,Hawthorn,20252207,0,9.3,9.28,98,84,0.03,0,80,13,11,24,83.3,289,2,6,5,5,4,6,0,1,7,2,0,0,0,0,1,6,1,7,0
22,Changkuoth Jiath,Hawthorn,20252207,0,8.6,8.04,60,48,0.0,0,81,6,6,12,75.0,138,1,4,4,2,2,2,0,1,2,1,0,0,0,0,0,1,3,15,0
22,Jack Ginnivan,Hawthorn,20252207,0,8.5,8.94,64,78,0.03,0,84,13,13,26,57.7,311,3,9,9,5,5,4,0,4,4,0,0,0,0,0,0,7,1,10,0
22,Mitch Lewis,Hawthorn,20252207,0,8.4,7.69,79,70,0.0,0,85,8,3,11,63.6,316,5,7,4,7,4,0,0,0,6,0,0,1,1,0,0,4,4,12,1
22,Josh Ward,Hawthorn,20252207,0,8.4,10.51,78,83,0.04,0,79,14,7,21,76.2,384,4,3,2,1,1,2,56,2,6,1,0,0,0,0,1,11,3,18,0
22,Blake Hardwick,Hawthorn,20252207,0,8.1,9.11,52,41,0.0,0,89,7,4,11,81.8,123,0,5,2,5,2,6,0,0,2,1,0,0,0,0,0,3,1,9,0
22,James Sicily,Hawthorn,20252207,1,7.4,10.31,97,102,0.15,1,87,18,8,26,80.8,434,2,6,4,6,4,6,0,0,9,2,2,0,0,0,0,3,2,7,0
22,Connor Macdonald,Hawthorn,20252207,0,6.9,7.29,55,52,0.0,0,75,12,6,18,77.8,341,4,4,4,3,3,2,0,2,2,0,0,1,0,1,1,6,0,11,0
22,James Worpel,Hawthorn,20252207,0,6.5,10.85,49,60,0.09,0,77,13,8,21,57.1,283,5,10,6,5,4,2,67,2,1,0,0,1,1,0,0,5,1,21,0
22,Tom Barrass,Hawthorn,20252207,0,6.4,9.47,58,29,0.0,0,86,6,2,8,100.0,128,0,4,1,4,1,6,0,0,4,2,1,0,0,0,0,2,0,1,0
22,Calsher Dear,Hawthorn,20252207,0,2.5,6.04,53,36,0.0,0,56,5,3,8,50.0,115,0,3,1,3,1,0,0,0,2,0,1,4,1,2,0,5,0,6,0
22,Luke Breust,Hawthorn,20252207,0,-1.0,2.35,12,19,0.0,0,26,3,1,4,75.0,59,1,1,0,1,0,0,0,0,3,0,0,1,0,1,1,3,0,1,0
23,Jack Gunston,Hawthorn,20252306,10,24.4,8.16,157,126,2.99,99,83,13,1,14,71.4,394,1,3,1,3,1,0,0,0,10,0,1,11,7,4,1,13,2,11,0
23,Dylan Moore,Hawthorn,20252306,7,18.3,11.52,140,123,1.46,1,84,16,16,32,78.1,293,0,8,6,4,3,3,25,3,9,1,0,2,2,0,0,6,1,17,0
23,Connor Macdonald,Hawthorn,20252306,4,15.7,7.27,119,116,0.27,0,87,21,7,28,67.9,517,6,6,5,5,4,5,0,2,10,1,1,4,1,3,2,12,0,13,0
23,Josh Ward,Hawthorn,20252306,0,12.3,10.41,79,66,0.03,0,80,8,14,22,68.2,248,3,9,8,3,2,2,54,3,3,0,0,0,0,0,0,7,2,17,0
23,Karl Amon,Hawthorn,20252306,0,11.2,9.69,98,94,0.06,0,81,17,7,24,83.3,684,4,4,3,3,2,4,0,0,8,2,0,0,0,0,0,5,2,11,0
23,Jack Ginnivan,Hawthorn,20252306,0,10.7,8.93,90,72,0.02,0,84,9,12,21,66.7,263,3,12,11,7,6,3,4,3,4,1,0,0,0,0,1,6,2,16,0
23,James Worpel,Hawthorn,20252306,0,10.4,9.94,73,86,0.21,0,74,12,15,27,59.3,350,3,11,8,2,2,4,54,6,2,1,0,0,0,0,0,5,4,23,0
23,Calsher Dear,Hawthorn,20252306,0,9.6,6.07,74,63,0.0,0,73,5,4,9,55.6,127,1,6,5,5,4,1,0,0,3,0,1,2,1,1,2,5,6,24,0
23,Changkuoth Jiath,Hawthorn,20252306,0,9.4,8.09,61,48,0.01,0,78,6,8,14,71.4,252,4,7,5,4,3,3,0,0,0,0,0,1,0,1,1,6,3,15,0
23,Luke Breust,Hawthorn,20252306,0,8.9,2.41,53,53,0.0,0,47,6,3,9,88.9,134,3,2,2,2,2,0,0,1,3,0,0,2,1,1,2,7,4,9,0
23,Jarman Impey,Hawthorn,20252306,2,8.4,9.09,96,116,0.2,0,83,20,9,29,72.4,363,2,6,2,6,2,9,0,0,6,2,0,0,0,0,0,4,5,14,0
23,Blake Hardwick,Hawthorn,20252306,1,8.3,9.03,74,62,0.03,0,92,14,5,19,68.4,317,3,3,3,3,3,8,0,1,4,3,0,0,0,0,0,3,1,12,0
23,Conor Nash,Hawthorn,20252306,0,8.1,9.08,70,65,0.04,0,72,9,10,19,63.2,148,1,9,8,3,3,3,88,4,2,1,0,0,0,0,1,4,5,19,0
23,Josh Battle,Hawthorn,20252306,0,7.9,8.92,69,64,0.01,0,91,10,7,17,76.5,286,3,5,5,5,5,6,0,0,5,2,0,0,0,0,0,2,2,8,0
23,James Sicily,Hawthorn,20252306,2,7.7,10.12,81,79,0.1,0,85,15,7,22,72.7,348,2,7,5,5,3,9,0,1,7,4,0,0,0,0,0,3,1,7,0
23,Tom Barrass,Hawthorn,20252306,0,6.7,9.31,49,34,0.0,0,87,5,6,11,45.5,78,0,6,5,5,4,5,0,0,1,0,0,0,0,0,0,0,1,3,0
23,Massimo D'Ambrosio,Hawthorn,20252306,0,6.6,9.32,56,66,0.02,0,75,11,8,19,47.4,399,0,6,5,5,4,5,0,1,3,0,0,1,0,1,0,3,2,11,0
23,Jack Scrimshaw,Hawthorn,20252306,0,6.6,9.11,72,64,0.02,0,82,9,8,17,70.6,255,2,6,3,6,3,7,0,0,5,2,2,0,0,0,0,2,3,10,0
23,Lloyd Meek,Hawthorn,20252306,0,5.9,12.37,71,70,0.01,0,83,5,5,10,90.0,104,1,4,2,1,0,0,92,4,3,0,1,0,0,0,1,2,2,15,31
23,Mitch Lewis,Hawthorn,20252306,0,5.4,7.62,52,44,0.0,0,78,6,4,10,60.0,137,3,8,5,8,5,4,0,0,4,0,2,1,0,0,1,2,2,8,0
23,Jai Newcombe,Hawthorn,20252306,0,4.3,12.82,102,85,0.15,0,72,8,14,22,54.5,210,2,11,7,3,2,1,71,3,5,0,0,0,0,0,1,5,5,18,0
23,Nick Watson,Hawthorn,20252306,0,4.1,10.54,31,21,0.0,0,44,3,0,3,66.7,83,2,1,1,1,1,0,4,0,2,0,0,1,1,0,0,1,0,1,0
23,Mabior Chol,Hawthorn,20252306,0,0.3,8.08,30,30,0.0,0,82,5,3,8,75.0,48,0,3,0,0,0,1,8,3,3,1,0,2,0,2,0,3,0,11,0
24,Karl Amon,Hawthorn,20252409,2,19.0,9.72,118,104,0.34,2,80,23,11,34,73.5,956,6,10,10,7,7,8,0,2,3,0,0,1,0,1,0,6,2,13,0
24,Jack Scrimshaw,Hawthorn,20252409,0,14.3,9.01,75,50,0.0,0,69,8,4,12,83.3,190,0,7,3,6,2,6,0,1,3,3,2,0,0,0,0,2,2,8,0
24,Dylan Moore,Hawthorn,20252409,0,14.0,11.64,78,64,0.0,0,95,9,8,17,70.6,266,4,6,6,4,4,0,28,2,2,0,0,2,1,0,1,4,3,15,0
24,Tom Barrass,Hawthorn,20252409,0,13.6,9.19,72,37,0.0,0,86,5,5,10,80.0,198,2,5,4,5,4,7,0,0,4,3,1,0,0,0,0,3,0,5,0
24,Jack Ginnivan,Hawthorn,20252409,0,13.0,9.03,97,92,0.02,0,87,12,11,23,69.6,266,5,9,6,8,6,2,0,1,6,0,0,3,2,1,0,8,2,8,0
24,Jarman Impey,Hawthorn,20252409,0,13.0,9.05,82,64,0.0,0,87,9,11,20,80.0,389,3,8,8,7,7,8,0,1,3,1,0,0,0,0,0,3,3,11,0
24,Mabior Chol,Hawthorn,20252409,0,12.5,7.86,79,77,0.01,0,76,7,2,9,77.8,191,2,3,1,2,1,0,20,0,6,0,1,3,3,0,0,4,2,4,8
24,Josh Ward,Hawthorn,20252409,0,12.2,10.53,70,60,0.0,0,73,7,9,16,75.0,208,3,5,2,1,1,0,52,4,3,0,0,0,0,0,0,6,3,13,0
24,Jack Gunston,Hawthorn,20252409,0,10.7,8.54,53,48,0.0,0,87,6,3,9,66.7,181,0,4,4,3,3,0,0,1,2,0,0,4,2,2,0,8,1,5,0
24,James Worpel,Hawthorn,20252409,0,10.3,10.61,69,72,0.01,0,72,10,12,22,50.0,450,7,7,6,2,2,3,64,4,2,0,0,0,0,0,1,4,3,19,0
24,Blake Hardwick,Hawthorn,20252409,0,10.3,9.01,79,67,0.0,0,93,11,3,14,78.6,459,0,3,2,3,2,3,0,0,4,0,1,0,0,0,0,2,4,13,0
24,Nick Watson,Hawthorn,20252409,0,9.9,10.22,68,74,0.0,0,78,7,8,15,73.3,289,4,5,3,4,2,2,12,0,3,0,0,2,1,0,1,5,5,9,0
24,Lloyd Meek,Hawthorn,20252409,0,9.6,12.02,78,92,0.0,0,83,6,9,15,73.3,160,0,8,3,5,2,0,80,2,4,0,2,2,1,1,0,8,2,13,31
24,Josh Battle,Hawthorn,20252409,0,8.9,8.85,81,54,0.0,0,98,10,6,16,87.5,287,0,5,3,5,3,4,0,0,2,0,1,0,0,0,0,3,2,8,0
24,Changkuoth Jiath,Hawthorn,20252409,0,8.8,8.21,69,56,0.0,0,87,6,7,13,84.6,124,4,7,4,2,2,1,0,5,1,0,0,0,0,0,4,6,5,16,0
24,Conor Nash,Hawthorn,20252409,0,8.4,8.39,60,56,0.01,0,73,9,10,19,57.9,324,5,9,7,1,1,1,68,6,0,0,0,0,0,0,1,4,3,23,0
24,Massimo D'Ambrosio,Hawthorn,20252409,0,7.3,9.23,38,31,0.0,0,83,6,5,11,81.8,228,3,4,4,2,2,1,0,2,1,0,0,0,0,0,1,3,0,5,0
24,James Sicily,Hawthorn,20252409,0,4.7,9.93,74,76,0.0,0,88,11,8,19,68.4,408,1,6,6,5,5,7,0,1,3,1,0,1,0,1,0,5,4,14,0
24,Luke Breust,Hawthorn,20252409,0,3.0,2.56,17,8,0.0,0,42,1,4,5,80.0,59,1,2,2,2,2,0,0,0,0,0,0,0,0,0,1,3,0,3,0
24,Jai Newcombe,Hawthorn,20252409,0,2.5,12.3,70,81,0.04,0,82,11,12,23,56.5,442,3,8,5,5,3,0,76,2,3,0,0,3,0,3,0,6,4,19,0
24,Connor Macdonald,Hawthorn,20252409,0,2.1,7.93,38,44,0.0,0,72,4,9,13,69.2,57,1,4,4,3,3,1,0,0,4,0,0,0,0,0,0,3,2,18,0
24,Calsher Dear,Hawthorn,20252409,0,1.8,6.44,42,37,0.0,0,66,4,2,6,16.7,105,1,3,2,3,2,2,0,0,4,1,1,2,0,1,0,4,2,14,0
24,Mitch Lewis,Hawthorn,20252409,0,1.5,7.59,11,10,0.0,0,42,1,0,1,100.0,35,0,1,0,1,0,0,0,0,0,0,0,1,1,0,0,1,0,2,0
3,Nick Watson,Hawthorn,20250305,8,21.2,8.83,134,90,0.52,9,76,10,11,21,85.7,427,5,11,5,11,5,5,0,0,2,0,1,3,1,1,1,9,5,14,0
3,Will Day,Hawthorn,20250305,6,16.9,12.41,103,83,1.48,25,79,10,14,24,62.5,461,2,17,7,11,6,7,78,5,3,1,1,4,1,3,0,10,2,22,0
3,Lloyd Meek,Hawthorn,20250305,0,16.3,12.36,118,97,0.07,1,80,7,7,14,85.7,313,4,9,5,4,2,3,91,4,4,1,2,1,1,0,0,4,4,15,31
3,Josh Ward,Hawthorn,20250305,0,14.9,8.62,92,72,0.03,0,69,13,9,22,81.8,468,5,4,2,3,2,2,13,1,2,0,0,0,0,0,1,7,2,10,0
3,Josh Weddle,Hawthorn,20250305,0,14.3,10.06,98,86,0.09,1,85,10,10,20,90.0,238,1,4,1,4,1,8,0,0,9,5,2,1,1,0,0,5,0,8,2
3,Jai Newcombe,Hawthorn,20250305,0,13.0,14.97,89,77,0.59,10,76,10,11,21,71.4,290,3,11,8,2,2,1,78,6,4,1,0,1,1,0,0,5,2,16,0
3,Finn Maginness,Hawthorn,20250305,0,12.0,6.03,83,77,0.04,0,90,11,14,25,72.0,432,5,7,5,5,4,2,0,1,1,0,0,1,0,1,1,9,3,24,0
3,Dylan Moore,Hawthorn,20250305,0,11.3,11.41,84,67,0.04,1,88,9,13,22,86.4,75,3,7,5,5,3,4,9,2,2,1,0,2,1,0,0,5,0,17,0
3,Cam Mackenzie,Hawthorn,20250305,6,11.3,8.52,105,95,1.08,18,63,12,18,30,76.7,261,5,10,8,2,2,3,43,5,3,1,0,0,0,0,1,8,5,17,0
3,Blake Hardwick,Hawthorn,20250305,5,10.0,9.52,114,98,0.31,5,85,14,5,19,63.2,344,3,9,3,7,2,1,0,1,9,0,3,5,1,3,2,8,3,16,0
3,Conor Nash,Hawthorn,20250305,0,8.7,9.52,78,82,0.04,1,82,11,6,17,82.4,406,5,2,2,1,1,1,78,2,4,0,0,0,0,0,0,5,7,25,0
3,James Sicily,Hawthorn,20250305,0,8.3,11.93,82,63,0.03,0,99,11,5,16,81.3,274,1,6,4,5,3,9,0,1,6,3,1,0,0,0,0,2,1,10,0
3,Karl Amon,Hawthorn,20250305,0,8.1,9.74,79,60,0.04,0,80,15,6,21,81.0,552,2,6,5,4,3,3,0,2,1,0,0,0,0,0,0,3,0,14,0
3,Changkuoth Jiath,Hawthorn,20250305,0,8.0,8.2,58,47,0.01,0,69,8,6,14,71.4,178,3,6,5,4,4,5,0,1,4,2,0,0,0,0,0,2,1,10,0
3,Jarman Impey,Hawthorn,20250305,0,7.5,8.17,46,37,0.0,0,82,7,1,8,87.5,241,3,0,0,0,0,2,0,0,2,1,0,0,0,0,1,2,2,12,0
3,Tom Barrass,Hawthorn,20250305,0,7.1,10.39,47,34,0.0,0,93,5,3,8,87.5,146,0,5,2,5,2,5,0,0,4,3,3,0,0,0,0,1,1,6,0
3,Jack Ginnivan,Hawthorn,20250305,0,6.4,8.26,37,31,0.0,0,76,3,9,12,66.7,50,1,8,7,8,7,2,0,0,0,0,0,0,0,0,0,5,1,20,0
3,Harry Morrison,Hawthorn,20250305,0,5.5,8.63,62,72,0.02,0,77,11,5,16,68.8,261,1,2,2,1,1,2,0,1,5,1,0,1,1,0,0,4,2,16,0
3,Massimo D'Ambrosio,Hawthorn,20250305,0,4.2,11.32,65,63,0.01,0,79,10,3,13,69.2,247,4,4,3,3,2,6,0,1,6,3,0,0,0,0,0,2,2,9,0
3,Josh Battle,Hawthorn,20250305,0,4.2,9.51,36,50,0.01,0,95,8,5,13,76.9,389,3,3,2,3,2,3,0,0,5,0,0,0,0,0,0,3,1,5,0
3,Luke Breust,Hawthorn,20250305,0,0.4,2.51,5,6,0.0,0,12,0,1,1,0.0,-7,0,1,1,1,1,0,0,0,0,0,0,0,0,0,0,0,1,4,0
3,Jack Gunston,Hawthorn,20250305,0,0.3,6.04,94,81,0.05,1,94,10,6,16,43.8,193,1,6,6,6,6,0,0,0,4,0,0,7,2,3,2,9,3,20,0
3,Mabior Chol,Hawthorn,20250305,0,-2.1,7.58,14,21,0.0,0,73,3,2,5,40.0,81,1,1,1,1,1,0,9,0,2,0,0,1,0,1,0,3,3,16,1
5,Lloyd Meek,Hawthorn,20250509,0,21.0,12.57,105,103,0.0,0,86,4,9,13,84.6,151,1,12,6,4,3,3,94,7,0,0,0,2,2,0,1,6,7,18,30
5,James Sicily,Hawthorn,20250509,0,17.5,11.78,102,100,0.0,0,93,12,8,20,70.0,350,4,7,3,7,3,7,0,0,11,2,2,3,2,1,2,5,1,7,0
5,Jai Newcombe,Hawthorn,20250509,0,17.0,14.64,104,118,0.1,1,79,14,15,29,69.0,426,4,12,7,3,1,2,77,8,7,1,1,1,1,0,0,7,4,19,0
5,Jack Gunston,Hawthorn,20250509,4,16.8,6.13,93,102,0.71,11,85,13,2,15,66.7,333,3,7,5,7,5,0,0,0,7,0,1,7,6,0,0,8,1,13,0
5,Dylan Moore,Hawthorn,20250509,0,16.4,11.39,101,88,0.0,0,84,10,12,22,68.2,319,4,10,10,4,4,0,51,5,0,0,0,1,0,0,1,7,9,27,0
5,Josh Weddle,Hawthorn,20250509,0,15.1,10.29,101,74,0.0,0,87,12,6,18,72.2,379,3,6,5,2,1,5,0,3,5,2,0,0,0,0,1,5,3,9,2
5,Cam Mackenzie,Hawthorn,20250509,0,14.4,8.71,64,57,0.0,0,70,10,8,18,77.8,364,3,5,5,1,1,2,66,3,1,0,0,0,0,0,2,4,2,23,0
5,James Worpel,Hawthorn,20250509,0,10.1,11.52,85,85,0.01,0,69,10,13,23,73.9,454,2,10,8,3,2,2,60,5,2,0,0,2,1,1,0,5,5,14,0
5,Luke Breust,Hawthorn,20250509,0,9.3,2.47,43,44,0.0,0,42,6,2,8,75.0,116,1,4,3,4,3,1,0,0,1,0,0,1,1,0,1,4,3,6,0
5,Tom Barrass,Hawthorn,20250509,0,9.3,10.18,75,62,0.0,0,87,12,1,13,84.6,365,1,6,4,6,4,9,0,0,6,3,1,0,0,0,0,2,1,6,0
5,Josh Battle,Hawthorn,20250509,0,9.2,9.21,80,66,0.0,0,94,10,9,19,68.4,242,1,6,4,5,3,5,0,1,3,0,0,0,0,0,0,2,2,13,0
5,Mabior Chol,Hawthorn,20250509,0,8.7,6.91,39,35,0.0,0,84,4,1,5,100.0,137,1,3,1,2,1,0,6,1,1,0,1,1,1,0,1,4,3,9,2
5,Changkuoth Jiath,Hawthorn,20250509,0,8.6,8.16,75,55,0.0,0,83,9,8,17,76.5,190,0,9,7,6,5,9,0,2,2,1,0,0,0,0,0,0,2,12,0
5,Harry Morrison,Hawthorn,20250509,0,7.7,8.25,55,62,0.0,0,82,7,9,16,68.8,215,2,7,6,6,5,4,0,1,2,0,1,0,0,0,0,2,5,14,0
5,Karl Amon,Hawthorn,20250509,0,7.1,9.58,79,88,0.0,0,86,18,3,21,85.7,616,1,1,1,1,1,1,0,0,4,0,0,0,0,0,1,2,4,16,0
5,Josh Ward,Hawthorn,20250509,0,6.6,9.05,49,44,0.0,0,64,10,8,18,61.1,378,2,7,5,4,4,2,14,3,0,0,0,0,0,0,0,1,0,19,0
5,Jack Ginnivan,Hawthorn,20250509,0,5.1,8.1,50,35,0.0,0,67,4,8,12,83.3,187,3,3,2,3,2,2,0,0,1,0,0,1,0,0,1,3,1,8,0
5,Massimo D'Ambrosio,Hawthorn,20250509,0,4.6,10.84,53,66,0.0,0,85,11,8,19,52.6,328,3,6,5,4,3,3,0,2,4,1,1,1,0,1,0,2,1,13,0
5,Conor Nash,Hawthorn,20250509,0,3.4,9.5,24,26,0.0,0,39,2,2,4,50.0,54,1,3,2,0,0,0,31,1,0,0,0,0,0,0,0,0,3,15,4
5,Blake Hardwick,Hawthorn,20250509,0,2.7,9.75,26,36,0.0,0,83,6,1,7,71.4,171,2,1,0,1,0,0,0,0,4,0,1,0,0,0,0,3,1,11,0
5,Jarman Impey,Hawthorn,20250509,0,2.5,8.12,34,40,0.0,0,84,6,4,10,50.0,178,2,4,3,2,1,3,0,1,3,1,0,0,0,0,0,1,1,20,0
5,Nick Watson,Hawthorn,20250509,0,2.3,10.04,33,39,0.0,0,80,5,4,9,33.3,201,3,4,3,4,3,2,0,0,1,0,0,2,0,0,0,2,3,13,0
5,Finn Maginness,Hawthorn,20250509,0,-1.4,6.61,31,37,0.0,0,87,3,9,12,41.7,92,1,7,5,6,5,2,0,0,2,0,0,1,0,1,0,5,2,25,0
6,Karl Amon,Hawthorn,20250609,3,17.4,9.47,152,110,0.26,4,83,21,8,29,89.7,802,7,2,2,1,1,1,0,1,5,0,0,0,0,0,2,3,4,21,0
6,Jai Newcombe,Hawthorn,20250609,4,14.2,14.6,134,118,1.08,18,82,7,21,28,75.0,238,3,11,10,4,3,4,70,4,6,1,0,0,0,0,1,8,9,22,0
6,Lloyd Meek,Hawthorn,20250609,1,12.7,12.97,113,115,0.07,1,79,6,13,19,73.7,86,2,11,8,2,1,2,89,7,2,0,0,2,0,0,0,4,4,18,47
6,Josh Ward,Hawthorn,20250609,0,12.5,8.85,65,50,0.01,0,76,7,9,16,87.5,209,3,7,3,2,1,0,33,5,3,0,0,0,0,0,0,6,1,8,0
6,Nick Watson,Hawthorn,20250609,0,10.5,9.74,83,63,0.0,0,81,7,6,13,61.5,196,1,10,7,8,6,0,0,1,2,0,0,4,2,2,0,5,2,5,0
6,Blake Hardwick,Hawthorn,20250609,0,10.5,9.23,62,49,0.0,0,92,5,6,11,81.8,133,0,7,6,7,6,1,0,0,2,0,1,3,1,2,0,6,2,8,0
6,James Worpel,Hawthorn,20250609,0,10.3,11.26,117,104,0.14,2,80,8,14,22,77.3,152,4,11,5,1,0,1,74,6,2,0,0,1,0,1,0,6,13,21,0
6,Tom Barrass,Hawthorn,20250609,0,10.2,10.05,67,46,0.0,0,82,6,6,12,91.7,123,0,5,2,5,2,7,0,0,4,3,3,0,0,0,0,2,1,6,0
6,Jack Scrimshaw,Hawthorn,20250609,0,9.9,9.88,84,88,0.01,0,81,13,9,22,86.4,333,1,2,1,2,1,4,0,0,7,1,0,0,0,0,0,7,2,10,0
6,Harry Morrison,Hawthorn,20250609,0,9.6,8.22,87,82,0.01,0,76,11,12,23,87.0,255,5,6,4,6,4,3,0,0,5,0,0,0,0,0,1,6,3,13,0
6,Mabior Chol,Hawthorn,20250609,0,9.1,6.99,93,88,0.12,2,90,13,2,15,60.0,398,4,7,1,4,1,0,11,3,4,0,1,4,3,1,0,7,2,5,2
6,Cam Mackenzie,Hawthorn,20250609,0,8.4,9.7,67,68,0.0,0,73,9,5,14,78.6,233,2,1,0,0,0,1,56,2,2,0,0,0,0,0,1,4,6,14,0
6,Conor Nash,Hawthorn,20250609,0,7.8,8.68,60,67,0.0,0,64,2,10,12,91.7,37,2,6,3,2,1,2,52,3,1,0,0,0,0,0,0,3,10,15,3
6,Josh Battle,Hawthorn,20250609,0,7.7,9.23,73,75,0.0,0,100,7,7,14,92.9,128,1,3,2,3,2,5,0,0,6,2,0,0,0,0,0,3,6,12,0
6,Josh Weddle,Hawthorn,20250609,0,7.0,10.65,65,72,0.01,0,84,10,9,19,63.2,359,2,5,4,5,4,7,0,0,5,2,1,0,0,0,1,3,3,15,0
6,Jack Gunston,Hawthorn,20250609,2,5.6,6.49,76,96,0.28,4,90,13,3,16,43.8,377,3,5,2,5,2,0,0,0,8,0,3,7,3,1,1,7,2,5,0
6,Connor Macdonald,Hawthorn,20250609,0,4.7,8.96,86,81,0.0,0,82,8,6,14,57.1,228,1,6,3,5,3,4,0,0,7,0,0,4,1,3,0,9,4,10,0
6,Massimo D'Ambrosio,Hawthorn,20250609,0,4.4,10.58,44,49,0.0,0,77,7,7,14,85.7,262,4,1,1,0,0,0,0,1,4,0,0,0,0,0,0,4,2,8,0
6,Changkuoth Jiath,Hawthorn,20250609,0,4.2,3.99,35,20,0.0,0,27,2,4,6,83.3,26,1,3,2,3,2,3,0,0,2,1,1,0,0,0,0,0,0,0,0
6,Dylan Moore,Hawthorn,20250609,0,3.7,11.67,36,48,0.0,0,72,7,2,9,55.6,213,4,3,1,2,0,1,15,0,3,0,0,1,0,1,0,4,3,13,0
6,Luke Breust,Hawthorn,20250609,0,3.6,7.35,29,31,0.0,0,52,4,4,8,87.5,128,2,2,2,1,1,0,0,1,2,0,0,0,0,0,0,4,1,5,0
6,James Sicily,Hawthorn,20250609,0,0.4,12.07,74,81,0.03,0,94,16,3,19,63.2,604,1,3,2,3,2,4,0,0,5,2,1,2,1,0,0,3,2,9,0
6,Jarman Impey,Hawthorn,20250609,0,-0.1,7.8,56,63,0.01,0,82,14,5,19,78.9,281,2,2,2,2,2,3,0,0,4,0,0,0,0,0,1,3,1,10,0
7,James Worpel,Hawthorn,20250709,2,17.5,11.35,104,79,0.79,14,79,9,15,24,66.7,357,2,18,11,6,6,4,67,9,2,0,0,2,1,1,1,8,4,19,0
7,Cam Mackenzie,Hawthorn,20250709,0,16.4,9.06,95,90,0.12,2,79,11,9,20,60.0,461,6,10,7,3,2,2,58,4,0,0,0,0,0,0,0,4,9,26,0
7,Jai Newcombe,Hawthorn,20250709,0,15.9,14.56,100,91,0.33,6,77,7,13,20,75.0,180,2,13,7,3,2,1,73,7,3,1,1,1,1,0,0,5,8,17,0
7,Dylan Moore,Hawthorn,20250709,0,15.4,11.09,108,85,0.03,0,76,11,6,17,82.4,292,3,6,5,4,4,1,24,1,7,0,0,2,1,0,1,6,3,15,0
7,Harry Morrison,Hawthorn,20250709,3,15.1,8.26,110,79,0.12,2,79,8,14,22,72.7,138,2,12,9,9,8,6,0,2,3,1,1,1,1,0,1,6,3,15,0
7,Jack Ginnivan,Hawthorn,20250709,0,14.7,7.93,106,102,0.08,1,84,14,3,17,70.6,379,8,2,2,1,1,1,0,1,4,0,0,3,2,1,1,9,7,14,0
7,Lloyd Meek,Hawthorn,20250709,9,14.5,13.02,161,131,1.34,22,86,8,11,19,63.2,204,4,7,3,2,2,2,82,4,3,0,0,1,0,1,0,11,4,18,58
7,Mabior Chol,Hawthorn,20250709,3,13.6,7.09,116,114,0.86,15,90,15,2,17,52.9,392,4,4,0,3,0,0,18,1,9,0,3,6,3,2,1,9,4,14,1
7,Josh Ward,Hawthorn,20250709,0,12.9,9.16,95,91,0.09,2,79,9,14,23,69.6,202,3,11,4,3,2,3,33,5,2,0,0,1,0,1,1,7,7,18,0
7,Jack Gunston,Hawthorn,20250709,4,12.8,6.63,100,92,0.7,12,81,9,5,14,71.4,204,1,5,3,5,3,1,0,0,6,0,0,7,4,2,2,12,3,10,0
7,Josh Weddle,Hawthorn,20250709,0,11.8,10.44,71,57,0.03,0,83,8,5,13,76.9,287,1,6,2,5,1,2,0,2,5,1,4,2,1,1,0,6,0,4,1
7,Josh Battle,Hawthorn,20250709,9,11.6,9.21,103,107,1.15,19,94,15,14,29,65.5,420,2,7,6,6,5,10,0,1,7,1,0,0,0,0,0,7,3,6,0
7,Massimo D'Ambrosio,Hawthorn,20250709,0,10.1,10.16,76,70,0.01,0,79,13,2,15,60.0,421,2,5,3,3,2,3,0,2,4,1,0,1,0,1,0,6,3,8,0
7,Karl Amon,Hawthorn,20250709,0,9.7,9.93,92,65,0.02,0,66,10,8,18,83.3,387,6,2,1,1,0,2,0,1,2,0,0,0,0,0,4,8,3,13,0
7,Jarman Impey,Hawthorn,20250709,0,8.2,7.33,83,62,0.01,0,82,7,10,17,64.7,185,2,8,8,7,7,6,0,1,3,0,0,0,0,0,0,5,3,14,0
7,Henry Hustwaite,Hawthorn,20250709,0,7.6,7.12,72,74,0.08,1,75,12,12,24,66.7,309,2,7,6,3,3,2,36,3,2,0,0,0,0,0,0,5,2,18,0
7,Tom Barrass,Hawthorn,20250709,0,6.9,9.94,51,35,0.0,0,90,4,5,9,77.8,71,0,3,3,2,2,6,0,1,3,3,0,0,0,0,0,2,1,6,0
7,Blake Hardwick,Hawthorn,20250709,0,5.0,9.32,62,57,0.0,0,83,8,5,13,76.9,266,0,3,3,3,3,4,0,0,6,1,0,2,1,1,1,6,1,5,0
7,Jack Scrimshaw,Hawthorn,20250709,0,4.6,9.9,33,22,0.0,0,41,4,1,5,80.0,103,0,2,1,2,1,3,0,0,1,1,0,0,0,0,0,0,1,4,0
7,James Sicily,Hawthorn,20250709,0,3.9,11.37,75,81,0.05,1,86,13,10,23,69.6,248,1,5,3,5,3,9,0,0,5,2,0,0,0,0,0,4,2,10,0
7,Nick Watson,Hawthorn,20250709,0,3.6,9.87,48,57,0.0,0,81,5,5,10,60.0,219,1,3,1,3,1,2,9,0,4,0,0,3,1,1,0,4,4,15,0
7,Bailey Macdonald,Hawthorn,20250709,0,3.4,2.19,16,20,0.0,0,47,3,5,8,87.5,113,0,1,1,1,1,1,0,0,0,0,0,0,0,0,0,2,0,2,0
7,Connor Macdonald,Hawthorn,20250709,0,-0.1,8.29,76,88,0.04,1,83,12,4,16,62.5,343,4,2,1,1,0,0,0,0,5,0,0,6,2,3,1,11,4,19,0
8,Jai Newcombe,Hawthorn,20250808,4,22.2,14.41,123,103,1.53,26,84,12,15,27,81.5,537,6,11,3,4,1,3,72,5,4,1,1,1,0,1,0,9,5,11,0
8,Josh Battle,Hawthorn,20250808,9,17.8,9.34,142,120,1.48,25,92,20,13,33,93.9,506,2,6,5,6,5,10,0,0,12,4,1,0,0,0,2,7,0,2,0
8,Jack Gunston,Hawthorn,20250808,0,17.3,6.88,104,85,0.06,1,89,11,4,15,66.7,305,3,7,5,7,5,1,0,0,6,0,0,6,3,2,3,10,1,8,0
8,Tom Barrass,Hawthorn,20250808,1,15.9,9.75,116,51,0.01,0,83,7,7,14,92.9,150,0,7,4,7,4,7,0,0,5,3,3,0,0,0,0,2,1,3,0
8,Josh Ward,Hawthorn,20250808,0,15.2,9.56,80,69,0.02,0,70,6,13,19,94.7,161,1,8,7,2,2,1,68,6,4,0,0,1,0,0,1,7,4,16,0
8,Josh Weddle,Hawthorn,20250808,0,15.1,10.53,97,86,0.03,0,87,10,10,20,85.0,302,3,6,5,6,5,6,4,0,4,2,0,1,1,0,1,7,2,9,9
8,Massimo D'Ambrosio,Hawthorn,20250808,8,12.6,10.2,120,128,1.71,30,83,23,7,30,70.0,796,5,7,4,5,2,2,0,2,9,0,1,3,2,1,1,11,1,10,0
8,James Worpel,Hawthorn,20250808,0,11.7,11.75,70,56,0.06,1,79,6,12,18,83.3,168,4,9,3,3,3,2,88,4,1,0,0,0,0,0,0,6,3,16,0
8,Nick Watson,Hawthorn,20250808,0,11.1,9.48,70,53,0.03,0,81,6,4,10,90.0,218,1,4,3,3,3,0,12,1,2,0,0,4,3,1,0,6,1,7,0
8,Changkuoth Jiath,Hawthorn,20250808,7,10.0,8.22,135,113,0.76,13,88,22,10,32,81.3,500,5,3,1,3,1,6,0,0,7,1,0,0,0,0,2,7,1,7,0
8,Jarman Impey,Hawthorn,20250808,0,9.2,7.36,82,73,0.02,0,65,13,11,24,87.5,392,3,4,4,3,3,2,0,1,5,0,0,0,0,0,0,9,0,7,0
8,Henry Hustwaite,Hawthorn,20250808,0,8.7,7.39,82,87,0.02,0,74,4,15,19,84.2,182,1,6,4,0,0,0,48,5,5,0,0,1,0,1,0,10,8,22,0
8,Lloyd Meek,Hawthorn,20250808,0,7.5,13.31,73,67,0.0,0,70,3,7,10,60.0,73,0,5,4,1,1,1,72,2,0,0,0,1,0,1,0,8,5,11,26
8,Finn Maginness,Hawthorn,20250808,0,7.5,6.23,85,95,0.02,0,85,14,8,22,81.8,270,2,3,3,3,3,5,0,0,9,2,0,2,1,0,0,5,1,5,0
8,Connor Macdonald,Hawthorn,20250808,0,6.8,8.61,59,57,0.0,0,82,9,3,12,83.3,260,3,3,2,3,2,2,0,0,5,0,0,0,0,0,0,5,2,14,0
8,Blake Hardwick,Hawthorn,20250808,0,6.4,8.98,73,73,0.01,0,86,11,8,19,100.0,-13,0,3,2,3,2,4,0,0,8,1,1,0,0,0,0,4,0,2,0
8,James Sicily,Hawthorn,20250808,0,6.2,10.83,111,103,0.05,1,84,18,6,24,70.8,460,1,6,1,6,1,6,0,0,4,1,0,1,1,0,0,10,4,9,0
8,Jack Ginnivan,Hawthorn,20250808,1,5.6,8.37,96,106,0.15,3,84,14,9,23,65.2,427,3,2,1,2,1,1,4,0,9,0,0,4,2,2,0,10,1,10,0
8,Luke Breust,Hawthorn,20250808,0,5.2,7.12,55,50,0.0,0,75,6,4,10,60.0,200,3,2,2,2,2,0,0,0,4,0,0,2,1,1,1,5,2,6,0
8,Harry Morrison,Hawthorn,20250808,0,4.1,8.58,60,69,0.01,0,86,6,14,20,80.0,162,1,4,3,2,2,0,0,1,5,0,0,0,0,0,0,7,2,14,0
8,Bailey Macdonald,Hawthorn,20250808,0,3.8,2.2,14,13,0.0,0,26,3,2,5,100.0,110,0,1,1,1,1,1,0,0,1,0,0,0,0,0,0,2,0,0,0
8,Mabior Chol,Hawthorn,20250808,0,3.6,7.56,88,77,0.03,0,83,9,2,11,72.7,139,2,8,0,6,0,1,24,1,6,0,3,3,2,0,1,7,2,8,4
8,Dylan Moore,Hawthorn,20250808,0,2.2,11.27,39,42,0.0,0,65,5,6,11,81.8,129,2,2,1,1,0,0,8,1,5,0,1,0,0,0,0,3,0,4,0
9,Josh Weddle,Hawthorn,20250903,2,19.0,10.73,87,80,0.12,1,81,9,13,22,95.5,246,1,9,5,9,5,6,0,0,6,2,1,1,1,0,0,5,0,8,1
9,James Worpel,Hawthorn,20250903,10,16.2,11.77,122,113,2.66,73,76,8,20,28,71.4,345,3,14,10,7,5,2,75,6,2,0,1,1,0,1,0,7,10,26,0
9,Changkuoth Jiath,Hawthorn,20250903,4,15.0,8.48,132,107,0.36,3,79,16,9,25,80.0,507,6,9,7,9,7,12,0,0,9,3,0,0,0,0,0,9,3,10,0
9,Jarman Impey,Hawthorn,20250903,0,11.8,7.36,84,74,0.04,0,85,11,11,22,81.8,485,2,4,4,4,4,6,0,0,7,2,0,1,0,0,0,6,0,6,0
9,James Sicily,Hawthorn,20250903,3,11.4,10.45,121,95,0.55,5,95,13,11,24,87.5,287,0,7,4,7,4,9,0,0,10,5,3,1,0,1,0,6,2,12,0
9,Blake Hardwick,Hawthorn,20250903,0,11.4,8.79,79,61,0.02,0,93,10,6,16,93.8,299,1,7,3,6,3,9,0,0,4,3,1,0,0,0,0,5,2,6,0
9,Mabior Chol,Hawthorn,20250903,0,10.5,7.42,55,36,0.01,0,77,3,3,6,83.3,106,0,5,3,4,2,0,21,0,2,0,2,2,2,0,0,3,1,7,2
9,Karl Amon,Hawthorn,20250903,0,10.2,9.77,92,78,0.03,0,83,13,5,18,100.0,365,0,2,1,2,1,2,0,0,7,1,1,0,0,0,0,6,2,17,0
9,Dylan Moore,Hawthorn,20250903,0,9.7,10.63,81,69,0.07,0,90,10,8,18,66.7,308,4,12,8,3,2,1,42,7,5,0,1,4,1,3,0,8,1,17,0
9,Jai Newcombe,Hawthorn,20250903,0,9.7,14.9,57,67,0.17,1,81,7,12,19,84.2,198,1,5,5,1,1,1,83,4,3,1,0,0,0,0,0,7,4,20,0
9,Nick Watson,Hawthorn,20250903,0,9.5,9.55,60,43,0.01,0,79,4,4,8,87.5,103,1,5,3,4,2,3,0,0,2,1,0,3,2,1,1,6,1,10,0
9,Josh Ward,Hawthorn,20250903,0,9.4,10.6,78,82,0.11,1,72,13,9,22,68.2,349,3,4,3,3,3,3,67,1,6,0,0,1,1,0,0,4,1,21,0
9,Lloyd Meek,Hawthorn,20250903,0,8.7,12.85,43,44,0.01,0,82,3,3,6,100.0,126,1,3,2,1,0,1,79,2,1,0,0,1,1,0,0,2,1,9,24
9,Josh Battle,Hawthorn,20250903,0,7.8,9.8,64,61,0.01,0,95,13,2,15,66.7,463,4,2,1,2,1,5,0,0,3,0,0,0,0,0,0,1,2,5,0
9,Harry Morrison,Hawthorn,20250903,0,7.6,8.35,57,56,0.01,0,85,7,8,15,73.3,274,3,3,2,2,1,1,0,0,2,0,0,0,0,0,1,5,3,14,0
9,Jack Ginnivan,Hawthorn,20250903,0,7.1,8.2,62,63,0.02,0,84,10,7,17,64.7,367,6,2,1,1,1,2,0,1,4,0,0,1,1,0,2,6,1,9,0
9,Massimo D'Ambrosio,Hawthorn,20250903,0,6.5,10.35,96,89,0.1,1,83,17,9,26,84.6,594,3,3,2,2,2,2,0,1,6,1,0,1,0,1,2,6,1,11,0
9,Henry Hustwaite,Hawthorn,20250903,0,5.2,7.52,27,30,0.0,0,35,4,4,8,75.0,32,0,4,2,2,2,2,33,2,1,0,0,0,0,0,0,1,3,15,0
9,Jack Gunston,Hawthorn,20250903,1,5.1,7.58,75,81,0.17,1,89,11,3,14,50.0,369,3,2,1,2,1,0,0,0,6,0,0,7,3,4,0,10,1,14,0
9,Bailey Macdonald,Hawthorn,20250903,0,5.0,2.41,41,27,0.0,0,33,3,4,7,71.4,62,0,5,5,4,4,3,0,1,2,0,0,1,0,0,0,3,1,5,0
9,Luke Breust,Hawthorn,20250903,0,4.2,7.52,43,32,0.0,0,53,6,3,9,77.8,72,1,2,0,2,0,0,0,0,2,0,0,1,1,0,3,5,0,8,0
9,Finn Maginness,Hawthorn,20250903,0,3.3,6.35,53,57,0.01,0,97,7,9,16,81.3,190,3,5,4,2,2,0,0,2,4,0,0,0,0,0,1,8,3,16,0
9,Connor Macdonald,Hawthorn,20250903,0,3.3,8.02,52,47,0.0,0,74,7,4,11,72.7,173,4,3,1,3,1,3,0,0,4,0,0,1,0,1,2,5,1,11,0
