MatchId,Player,Team,CoachesVotes,RatingPoints,EstimatedRating,Supercoach,DreamTeamPoints,ExpVotes,Votes3,TimeOnGround,Kicks,Handballs,Disposals,DisposalEfficiency,MetresGained,Inside50s,ContestedPossessions,GroundBallGets,PostClearanceContestedPossessions,PostClearanceGroundBallGets,Intercepts,CentreBounceAttendancePercentage,TotalClearances,Marks,InterceptMarks,ContestedMarks,ShotsAtGoal,Goals,Behinds,GoalAssists,ScoreInvolvements,Tackles,PressureActs,Hitouts
20252101,Jordan Dawson,Adelaide,8,24.8,13.8,149,125,2.43,58,91,12,9,21,81,372,6,10,5,4,4,3,75,4,4,1,0,2,2,0,1,5,12,28,0
20252101,Will Day,Hawthorn,0,20.6,12.39,113,89,0.04,0,71,6,13,19,84.2,120,2,15,9,7,5,3,66,7,1,0,1,1,1,0,0,5,9,20,0
20252101,Izak Rankine,Adelaide,9,20.3,13.24,129,82,1.53,22,84,12,4,16,68.8,362,5,11,7,8,6,3,12,3,3,0,0,5,3,1,3,9,3,24,0
20252101,Reilly O'Brien,Adelaide,0,18.3,10.35,131,96,0.09,1,86,11,7,18,66.7,293,3,11,4,4,3,3,84,8,3,1,1,0,0,0,1,8,1,8,43
20252101,Riley Thilthorpe,Adelaide,5,18.1,12.18,90,93,1.28,16,85,10,2,12,66.7,254,2,5,2,4,1,0,16,1,8,0,3,5,4,1,0,6,2,12,2
20252101,Jack Ginnivan,Hawthorn,0,17.9,8.61,108,80,0.02,0,81,11,9,20,70,315,4,8,6,7,5,5,0,1,3,0,0,3,2,1,2,6,1,20,0
20252101,Mark Keane,Adelaide,0,17.4,10.53,102,74,0.06,0,97,14,7,21,81,268,0,8,3,7,2,8,0,1,6,3,3,0,0,0,0,2,1,5,0
20252101,Daniel Curtin,Adelaide,0,14.6,11.15,84,93,0.07,0,85,16,4,20,45,500,7,14,7,7,4,5,19,6,6,1,2,0,0,0,1,1,5,27,0
20252101,Nick Watson,Hawthorn,0,13.2,9.52,88,64,0,0,85,6,8,14,78.6,134,0,9,8,7,6,2,6,2,1,0,1,4,1,3,0,6,4,13,0
20252101,Dylan Moore,Hawthorn,0,13,11.51,83,62,0,0,92,3,12,15,80,104,1,6,5,5,5,2,12,1,1,0,0,1,1,0,1,5,5,17,0
20252101,Lloyd Meek,Hawthorn,0,12.9,12.14,117,107,0.02,0,88,7,10,17,76.5,182,1,11,9,0,0,0,88,10,3,0,0,0,0,0,0,5,5,18,44
20252101,Brodie Smith,Adelaide,0,11.6,7.7,57,54,0,0,71,10,3,13,69.2,309,4,5,5,4,4,5,0,0,6,1,0,0,0,0,2,4,0,5,0
20252101,Taylor Walker,Adelaide,0,11.2,8.02,83,67,0.02,0,81,10,1,11,63.6,240,2,5,3,5,3,0,0,0,6,0,1,4,3,1,0,7,0,18,0
20252101,Jai Newcombe,Hawthorn,0,10.4,12.99,81,75,0.05,0,80,7,12,19,73.7,207,4,11,7,1,1,1,72,9,3,0,0,0,0,0,1,2,6,18,0
20252101,Karl Amon,Hawthorn,0,10.4,9.68,100,82,0.01,0,83,15,8,23,82.6,606,4,5,4,5,4,5,0,0,1,0,0,0,0,0,2,3,5,13,0
20252101,Isaac Cumming,Adelaide,0,10.3,8.1,51,53,0,0,82,9,6,15,73.3,214,1,5,4,4,3,5,0,1,3,1,0,0,0,0,0,1,1,16,0
20252101,Jarman Impey,Hawthorn,0,10.3,8.39,97,85,0.02,0,86,13,9,22,72.7,364,1,5,4,3,2,5,0,2,5,3,1,1,0,1,0,2,3,18,0
20252101,Massimo D'Ambrosio,Hawthorn,0,10.2,9.12,80,84,0.03,0,76,12,13,25,72,386,3,9,7,4,4,1,0,5,4,0,0,3,1,2,0,6,1,12,0
20252101,Jake Soligo,Adelaide,0,9.8,11.65,75,56,0.04,0,78,12,3,15,60,306,5,6,6,2,2,1,72,4,1,0,0,1,1,0,0,2,2,18,0
20252101,Wayne Milera,Adelaide,1,9.5,8.14,77,62,0.02,0,80,11,8,19,89.5,348,3,8,8,8,8,8,0,0,6,1,0,0,0,0,1,5,1,13,0
20252101,James Sicily,Hawthorn,2,9.4,10.31,87,82,0.05,0,95,15,3,18,94.4,488,7,4,2,4,2,9,0,0,11,7,2,0,0,0,1,4,1,5,0
20252101,Mitch Lewis,Hawthorn,0,8.9,7.68,64,46,0,0,78,5,2,7,85.7,136,2,2,0,1,0,0,0,0,4,0,1,1,1,0,0,3,3,9,0
20252101,Josh Battle,Hawthorn,4,8.9,8.73,89,92,0.07,1,95,14,8,22,72.7,406,0,4,3,3,2,9,0,1,8,4,1,0,0,0,0,2,3,9,0
20252101,Conor Nash,Hawthorn,0,8.8,8.23,74,71,0.01,0,79,7,10,17,52.9,323,3,4,2,0,0,0,66,2,1,0,0,1,1,0,1,5,5,17,0
20252101,Connor Macdonald,Hawthorn,0,8.4,7.23,66,60,0,0,70,7,8,15,73.3,220,3,7,6,5,4,2,6,1,3,0,1,1,0,1,0,4,4,16,0
20252101,Nick Murray,Adelaide,0,8.2,6.85,55,34,0,0,91,5,2,7,100,96,0,5,2,5,2,5,0,0,3,1,1,0,0,0,0,2,1,8,0
20252101,Jack Gunston,Hawthorn,0,8,8.17,86,54,0.02,0,86,7,3,10,70,161,0,7,4,7,4,0,0,0,2,0,0,7,4,1,0,7,0,10,0
20252101,Alex Neal-Bullen,Adelaide,1,7.7,10.73,94,91,0.03,0,86,13,5,18,61.1,340,3,4,2,4,2,4,0,0,5,0,0,3,1,2,1,9,5,23,0
20252101,Josh Ward,Hawthorn,0,7.3,10.79,50,48,0,0,71,10,5,15,73.3,431,6,3,3,0,0,0,34,2,2,0,0,0,0,0,0,3,2,9,0
20252101,Jack Scrimshaw,Hawthorn,0,6.4,9.05,42,37,0,0,73,6,5,11,90.9,148,2,4,3,4,3,5,0,0,4,3,1,1,0,0,0,3,0,4,0
20252101,Harry Morrison,Hawthorn,0,6.2,8.83,67,65,0,0,84,11,8,19,68.4,419,3,3,2,3,2,1,0,0,5,0,0,0,0,0,1,2,0,11,0
20252101,Josh Worrell,Adelaide,0,6.1,9.27,105,85,0.03,0,96,18,2,20,75,516,0,6,2,6,2,7,0,0,5,2,1,0,0,0,0,3,3,7,0
20252101,Hugh Bond,Adelaide,0,5.7,7,54,43,0,0,80,3,11,14,78.6,101,2,7,7,7,7,6,0,0,2,0,0,0,0,0,0,3,3,10,0
20252101,Blake Hardwick,Hawthorn,0,5.6,9.28,55,42,0,0,91,8,7,15,80,275,1,5,4,4,3,4,0,1,2,1,0,0,0,0,0,2,0,10,0
20252101,Mabior Chol,Hawthorn,0,5.4,7.77,26,40,0,0,74,7,2,9,44.4,104,1,5,3,2,2,0,12,3,1,0,0,1,1,0,0,2,2,7,4
20252101,Tom Barrass,Hawthorn,0,5.3,9.71,43,32,0,0,85,3,4,7,100,110,1,1,0,1,0,3,0,0,2,1,0,0,0,0,0,1,2,10,0
20252101,Sam Berry,Adelaide,0,4.3,11.08,71,71,0.01,0,74,9,4,13,53.8,289,3,5,3,0,0,0,72,2,1,0,0,0,0,0,0,1,9,29,0
20252101,Ben Keays,Adelaide,0,3.9,10.57,53,58,0.01,0,88,10,7,17,41.2,241,2,10,8,7,6,2,0,2,2,0,0,2,0,2,0,5,2,14,0
20252101,Mitchell Hinge,Adelaide,0,3.5,9.13,49,61,0.01,0,78,10,4,14,50,300,1,3,2,3,2,2,0,0,2,0,0,0,0,0,0,1,4,13,0
20252101,Darcy Fogarty,Adelaide,0,2.8,6.77,57,45,0,0,85,6,5,11,63.6,175,0,5,4,4,3,0,0,1,2,0,0,2,1,0,1,5,1,8,0
20252101,Brayden Cook,Adelaide,0,2.2,5.72,8,2,0,0,44,0,1,1,100,5,0,1,1,1,1,1,0,0,0,0,0,0,0,0,0,0,0,4,0
20252101,James Worpel,Hawthorn,0,2.1,4.78,34,37,0,0,34,5,8,13,38.5,174,0,5,3,1,0,1,38,1,0,0,0,0,0,0,0,0,2,9,0
20252101,James Peatling,Adelaide,0,1.9,9.45,27,36,0.01,0,57,7,3,10,50,177,4,8,5,1,1,0,44,6,0,0,0,0,0,0,0,2,2,18,0
20252101,Calsher Dear,Hawthorn,0,1.3,6.75,9,9,0,0,44,1,2,3,100,-20,0,2,1,2,1,0,0,0,0,0,0,0,0,0,0,2,1,6,0
20252101,Chayce Jones,Adelaide,0,1.1,2.88,22,14,0,0,32,3,1,4,100,110,0,1,1,1,1,0,6,0,2,0,0,0,0,0,0,2,0,3,0
20252101,Zac Taylor,Adelaide,0,-1.2,7.05,19,26,0,0,69,4,5,9,55.6,109,2,3,2,2,2,1,0,0,2,0,0,1,0,1,1,3,0,9,0
20252102,Max Holmes,Geelong,10,29.4,14.41,154,136,2.79,82,77,25,10,35,74.3,875,9,12,12,6,6,8,50,4,7,1,0,2,2,0,0,15,2,10,0
20252102,Shannon Neale,Geelong,4,21.6,7.81,122,106,0.15,0,85,10,5,15,86.7,290,5,8,3,7,3,4,17,1,7,1,2,4,3,1,1,10,6,14,4
20252102,Bailey Smith,Geelong,4,17.4,12.71,119,112,0.49,2,76,18,12,30,63.3,546,5,13,9,3,3,0,58,8,5,0,0,0,0,0,1,10,7,14,0
20252102,Jeremy Cameron,Geelong,3,16.3,11.19,94,82,1.43,12,93,8,0,8,75,219,0,3,1,2,1,1,0,1,4,0,1,8,6,1,0,7,3,6,0
20252102,Jack Martin,Geelong,0,15.9,2.82,49,68,0.03,0,36,6,7,13,92.3,171,0,4,4,4,4,0,0,0,5,0,0,4,4,0,0,6,0,2,0
20252102,Mark Blicavs,Geelong,2,14.8,10.26,72,68,0.01,0,75,5,14,19,68.4,182,1,11,11,3,3,2,56,3,3,0,0,1,0,0,1,7,2,16,7
20252102,Jack Bowes,Geelong,0,14.8,9.72,104,101,0.03,0,77,12,12,24,79.2,306,2,7,6,6,5,4,0,1,5,0,0,2,2,0,2,10,4,17,0
20252102,Gryan Miers,Geelong,4,14.4,11.04,111,122,0.88,5,80,18,12,30,63.3,454,8,6,5,2,2,4,61,4,4,1,0,2,1,1,2,10,6,20,0
20252102,Ollie Wines,Port Adelaide,0,12.5,10.22,120,119,0.02,0,77,11,21,32,65.6,240,2,14,7,1,0,3,75,8,4,1,0,0,0,0,2,10,8,26,0
20252102,Travis Boak,Port Adelaide,0,12.3,8.44,100,90,0,0,85,7,17,24,75,171,2,11,10,7,7,3,14,2,4,0,0,1,1,0,1,4,5,20,0
20252102,Jackson Mead,Port Adelaide,0,11.6,6.77,73,69,0,0,73,9,9,18,77.8,213,1,9,7,3,2,3,39,2,4,1,0,0,0,0,0,2,5,17,0
20252102,Oisin Mullin,Geelong,3,11.2,5.69,38,34,0.01,0,75,6,4,10,70,183,2,5,4,1,1,0,67,4,2,0,0,1,0,1,1,4,0,5,0
20252102,Patrick Dangerfield,Geelong,0,11.2,11.16,106,87,0.01,0,74,9,10,19,84.2,270,5,10,6,10,6,0,0,0,8,0,3,3,1,1,5,12,2,7,0
20252102,Tom Stewart,Geelong,0,10.8,10.05,100,75,0.01,0,72,12,9,21,90.5,309,2,8,7,7,6,8,0,1,7,1,0,0,0,0,0,3,2,13,0
20252102,Brad Close,Geelong,0,10.4,7.97,75,71,0,0,87,7,9,16,68.8,203,5,7,6,7,6,1,0,0,4,0,1,3,1,2,1,8,3,14,0
20252102,Shaun Mannagh,Geelong,0,10.2,11.86,92,94,0.02,0,74,16,10,26,57.7,431,6,8,7,4,4,1,0,3,5,0,0,3,0,3,3,10,2,12,0
20252102,Willem Drew,Port Adelaide,0,10.1,10.66,114,120,0.01,0,81,15,9,24,66.7,452,6,10,5,3,2,3,83,4,5,0,0,1,0,1,2,6,10,28,0
20252102,Zach Guthrie,Geelong,0,9.4,8.89,87,81,0.01,0,83,15,3,18,94.4,190,1,6,3,6,3,8,0,0,9,3,1,0,0,0,0,7,1,8,0
20252102,Joe Berry,Port Adelaide,0,9.2,3.52,63,60,0,0,83,10,2,12,83.3,308,3,3,0,3,0,1,11,0,3,0,0,1,1,0,0,3,2,9,0
20252102,Lawson Humphries,Geelong,0,9,9.64,87,104,0.02,0,94,20,4,24,62.5,578,4,3,3,3,3,5,0,0,9,2,0,0,0,0,0,7,3,14,0
20252102,Jack Henry,Geelong,0,8.3,8.77,63,57,0.01,0,88,10,1,11,90.9,133,1,4,1,4,1,6,0,0,7,3,3,0,0,0,0,5,1,9,0
20252102,Jordon Sweet,Port Adelaide,0,8.2,10.1,110,117,0,0,82,6,10,16,43.8,191,0,9,3,1,1,0,86,3,2,0,0,2,0,2,0,6,5,16,53
20252102,Aliir Aliir,Port Adelaide,0,7.8,9.33,64,53,0,0,100,12,1,13,69.2,281,1,5,5,5,5,8,0,0,6,3,0,0,0,0,0,2,0,5,0
20252102,Oliver Dempsey,Geelong,0,7.7,11.43,53,65,0.01,0,91,8,6,14,71.4,160,0,4,2,3,1,2,0,0,4,0,0,1,1,0,1,4,3,10,0
20252102,Ollie Lord,Port Adelaide,0,7.3,4.14,49,42,0,0,77,4,1,5,80,88,0,4,2,4,2,2,0,0,3,0,0,3,2,1,1,4,1,8,2
20252102,Tyson Stengle,Geelong,0,7.2,9.48,71,70,0.01,0,83,10,3,13,53.8,282,2,4,2,4,2,0,0,0,6,0,1,5,2,3,2,8,0,12,0
20252102,Zak Butters,Port Adelaide,0,7,16.39,45,34,0,0,77,4,6,10,100,122,1,6,3,2,0,1,69,4,0,0,0,0,0,0,0,4,2,6,0
20252102,Kane Farrell,Port Adelaide,0,6.9,8.87,75,74,0,0,87,13,7,20,70,395,0,6,6,4,4,4,0,2,2,0,0,0,0,0,0,2,6,19,0
20252102,Jase Burgoyne,Port Adelaide,0,6.8,8.89,62,55,0,0,54,9,5,14,71.4,254,1,5,4,2,2,2,0,2,2,0,0,0,0,0,0,4,3,10,0
20252102,Will Lorenz,Port Adelaide,0,6.8,6.41,80,72,0,0,78,9,7,16,87.5,264,1,4,3,3,2,2,8,1,4,0,0,1,1,0,0,3,3,17,0
20252102,Sam De Koning,Geelong,0,6.6,9.4,66,55,0.01,0,92,10,2,12,75,241,3,5,1,5,1,5,0,0,7,2,2,0,0,0,0,2,1,3,0
20252102,Joe Richards,Port Adelaide,0,6.6,8.19,65,60,0,0,70,4,9,13,61.5,112,1,8,7,6,6,2,0,1,3,0,0,1,0,1,0,3,5,16,0
20252102,Mitch Georgiades,Port Adelaide,0,6.6,7.09,48,68,0,0,94,8,4,12,41.7,275,3,3,1,3,1,1,0,0,3,0,1,5,3,2,0,6,2,6,0
20252102,Connor O'Sullivan,Geelong,0,6.5,9,66,68,0.01,0,87,9,2,11,72.7,199,3,3,2,3,2,4,0,0,7,2,1,0,0,0,0,3,4,13,0
20252102,Brandon Zerk-Thatcher,Port Adelaide,0,6.4,7.08,44,34,0,0,100,3,5,8,100,77,0,5,3,3,2,4,0,1,3,1,0,0,0,0,0,0,2,13,0
20252102,Tom Atkins,Geelong,0,6.3,11.86,73,58,0.02,0,68,7,10,17,64.7,164,2,11,8,3,2,3,64,4,2,1,1,0,0,0,0,4,4,15,0
20252102,Rhys Stanley,Geelong,0,5.3,8.49,48,40,0,0,48,3,4,7,71.4,111,2,6,4,1,0,0,28,3,1,0,0,0,0,0,1,3,1,8,15
20252102,Darcy Byrne-Jones,Port Adelaide,0,4.8,7.88,67,63,0,0,85,7,7,14,64.3,185,1,5,5,4,4,3,0,1,4,0,0,0,0,0,1,2,4,16,0
20252102,Dylan Williams,Port Adelaide,0,4.5,5.53,36,34,0,0,77,7,1,8,75,212,0,3,3,3,3,3,0,0,2,0,0,0,0,0,0,0,2,9,0
20252102,Lachie Jones,Port Adelaide,0,3.9,7.72,45,34,0,0,88,5,3,8,62.5,115,0,5,4,5,4,6,0,0,3,2,1,0,0,0,0,1,1,6,0
20252102,Josh Sinn,Port Adelaide,0,3.7,5.67,26,28,0,0,58,8,2,10,80,211,0,5,4,5,4,3,0,0,0,0,0,0,0,0,0,0,0,6,0
20252102,Hugh Jackson,Port Adelaide,0,3.2,3.19,15,17,0,0,30,1,3,4,100,77,1,1,1,0,0,0,0,1,0,0,0,0,0,0,0,1,2,3,0
20252102,Mani Liddy,Port Adelaide,0,3,4.55,34,60,0,0,85,10,8,18,55.6,313,3,5,4,3,2,2,0,2,4,0,0,0,0,0,0,3,1,17,0
20252102,Jed McEntee,Port Adelaide,0,2.3,5.04,49,55,0,0,83,10,5,15,60,326,6,4,3,3,2,0,0,0,3,0,0,3,1,2,0,7,0,11,0
20252102,Mark O'Connor,Geelong,0,1.2,7.2,53,78,0.01,0,84,10,6,16,75,85,1,2,1,2,1,3,0,0,9,1,1,1,0,1,0,4,2,6,0
20252102,Jack Whitlock,Port Adelaide,0,1,5.72,14,31,0,0,77,3,0,3,66.7,28,0,0,0,0,0,0,14,0,2,0,0,0,0,0,0,0,4,11,3
20252103,Rowan Marshall,St Kilda,9,21.8,12.65,144,142,1.81,23,85,15,9,24,62.5,323,7,10,3,4,1,1,87,4,6,0,2,2,1,1,1,7,5,8,32
20252103,Jack Sinclair,St Kilda,3,19.4,13.55,128,81,0.04,0,85,16,10,26,88.5,440,1,10,7,10,7,11,4,0,0,0,0,0,0,0,1,5,3,8,0
20252103,George Wardlaw,North Melbourne,0,16,11.04,90,84,0,0,73,9,8,17,76.5,246,2,9,8,7,7,6,65,2,3,0,0,1,1,0,0,7,6,21,0
20252103,Harry Sheezel,North Melbourne,4,15.1,10.83,131,117,0.84,6,85,17,16,33,78.8,412,3,7,7,2,2,3,70,4,5,1,0,1,1,0,0,5,3,26,0
20252103,Caleb Daniel,North Melbourne,0,14.5,8.43,142,115,0.02,0,81,19,13,32,90.6,411,1,6,6,4,4,5,0,2,8,0,0,0,0,0,1,2,2,6,0
20252103,Luke Davies-Uniacke,North Melbourne,0,14.1,13.59,112,93,0.04,0,84,11,10,21,85.7,469,6,9,6,4,3,2,78,4,6,0,0,1,1,0,3,6,5,19,0
20252103,Jack Darling,North Melbourne,0,12.6,6.68,92,79,0,0,91,12,2,14,50,298,2,4,0,1,0,1,13,3,5,1,1,1,1,0,2,4,3,9,6
20252103,Callum Wilkie,St Kilda,0,12.3,10.61,100,68,0,0,100,13,4,17,100,261,1,4,4,4,4,8,0,0,7,2,0,0,0,0,0,2,0,4,0
20252103,Nick Larkey,North Melbourne,0,11.9,8.33,61,58,0,0,84,5,2,7,100,180,1,2,0,2,0,0,0,0,8,0,2,3,3,0,0,4,0,4,0
20252103,Jack Higgins,St Kilda,0,11.8,8.08,67,51,0,0,84,4,6,10,80,201,3,5,3,4,2,2,0,0,2,0,1,2,2,0,0,4,2,11,0
20252103,Nasiah Wanganeen-Milera,St Kilda,9,11.1,14.69,108,108,2.61,67,87,24,12,36,58.3,677,7,13,10,5,5,3,83,9,3,0,0,3,0,2,0,9,1,15,0
20252103,Alixzander Tauru,St Kilda,0,9.9,4.37,58,35,0,0,90,5,2,7,71.4,177,1,3,1,3,1,4,0,0,4,3,2,0,0,0,0,2,1,7,0
20252103,Luke Parker,North Melbourne,0,9,10.18,74,61,0,0,77,9,8,17,88.2,165,2,7,4,1,0,0,43,4,3,0,1,0,0,0,0,5,3,10,0
20252103,Paul Curtis,North Melbourne,0,8.9,8.51,69,57,0,0,85,7,3,10,80,136,2,5,1,3,0,2,9,2,4,1,2,1,0,0,0,3,6,19,0
20252103,Brynn Teakle,North Melbourne,0,8.6,7.61,76,62,0,0,82,4,3,7,85.7,100,2,4,0,2,0,2,87,2,4,2,2,0,0,0,0,2,4,15,21
20252103,Colby McKercher,North Melbourne,5,8.4,9.13,123,119,0.54,3,90,28,8,36,75,642,3,5,4,3,3,4,0,1,8,1,0,2,1,0,1,4,1,6,0
20252103,Toby Pink,North Melbourne,0,8.1,6.27,73,59,0,0,97,9,6,15,93.3,263,1,6,4,6,4,6,0,0,5,1,1,0,0,0,0,2,1,11,0
20252103,Mitch Owens,St Kilda,0,7.9,9.21,49,37,0,0,51,8,0,8,62.5,260,0,8,2,8,2,0,0,0,1,0,1,3,1,1,0,4,1,6,0
20252103,Anthony Caminiti,St Kilda,0,7.9,7.59,62,26,0,0,100,6,2,8,100,121,1,4,3,4,3,5,0,0,2,0,0,0,0,0,0,0,0,4,0
20252103,Jack Macrae,St Kilda,0,7.7,11.96,78,71,0.02,0,66,6,16,22,81.8,145,2,12,7,4,4,1,52,6,3,0,0,0,0,0,1,3,4,15,0
20252103,Dylan Stephens,North Melbourne,0,7.6,6.87,71,70,0,0,90,12,8,20,70,293,3,6,6,4,4,4,0,2,6,0,0,0,0,0,0,1,0,9,0
20252103,Hugo Garcia,St Kilda,0,7.6,8.79,64,41,0,0,76,10,5,15,73.3,358,4,5,4,2,2,1,78,4,0,0,0,0,0,0,1,2,1,17,0
20252103,Tom Powell,North Melbourne,0,7.4,9,95,97,0.01,0,77,11,13,24,83.3,281,3,5,2,1,1,1,26,3,6,0,0,0,0,0,1,8,5,15,0
20252103,Liam Stocker,St Kilda,0,7.3,5.37,43,27,0,0,78,1,8,9,77.8,15,0,6,6,6,6,4,0,0,1,0,0,0,0,0,0,0,1,8,0
20252103,Hunter Clark,St Kilda,0,6.9,9.76,92,83,0.01,0,78,17,8,25,76,512,5,6,5,6,5,5,0,0,7,1,1,0,0,0,1,5,1,6,0
20252103,Mason Wood,St Kilda,0,6.9,9.27,59,73,0,0,89,8,7,15,66.7,166,2,6,4,5,3,0,0,1,7,0,2,2,1,0,0,3,2,14,0
20252103,Marcus Windhager,St Kilda,0,6.5,8.4,77,67,0,0,85,10,10,20,80,147,5,5,4,4,3,3,22,1,5,0,0,0,0,0,1,5,1,12,0
20252103,Hugh Boxshall,St Kilda,0,6.4,7.45,88,65,0,0,81,5,7,12,75,59,0,6,6,5,5,2,22,0,2,0,0,2,1,1,0,4,8,14,0
20252103,Robert Hansen Jr,North Melbourne,0,5.3,2.74,33,21,0,0,29,1,7,8,100,48,1,2,2,2,2,1,0,0,1,0,0,0,0,0,0,3,0,6,0
20252103,Cameron Zurhaar,North Melbourne,0,5.3,7.91,86,66,0,0,85,10,0,10,50,230,0,5,2,5,2,0,0,0,8,0,2,6,2,3,1,6,0,10,0
20252103,Ryan Byrnes,St Kilda,0,4.9,6.16,48,50,0,0,69,7,1,8,62.5,228,2,2,1,2,1,0,0,0,4,0,1,2,1,1,0,2,2,6,0
20252103,Max Hall,St Kilda,0,4.8,11.62,66,60,0,0,85,10,4,14,71.4,302,6,5,4,2,2,2,9,2,3,0,0,2,1,1,0,3,1,25,0
20252103,Charlie Comben,North Melbourne,0,4.5,7.94,50,31,0,0,97,8,6,14,92.9,154,0,4,3,4,3,5,0,0,4,2,0,0,0,0,0,1,0,6,0
20252103,Max Heath,St Kilda,0,4.4,6.09,61,69,0.01,0,79,6,4,10,40,162,1,8,2,8,2,0,13,0,4,0,2,5,2,2,0,5,1,8,9
20252103,Jack Steele,St Kilda,0,4.4,4.56,36,25,0,0,29,1,7,8,100,-15,0,4,3,1,1,1,30,2,1,0,0,0,0,0,0,3,2,7,0
20252103,Zane Duursma,North Melbourne,0,4.3,4.91,43,38,0,0,63,4,4,8,100,145,0,2,0,2,0,1,0,0,6,1,1,0,0,0,0,2,0,2,0
20252103,Zak Jones,St Kilda,0,3.9,8.13,55,38,0,0,64,5,5,10,80,172,2,4,4,3,3,0,0,1,3,0,0,0,0,0,1,1,1,4,0
20252103,Zac Banch,North Melbourne,0,3,4.05,30,31,0,0,34,4,2,6,83.3,97,0,3,2,3,2,0,0,0,3,0,1,1,0,1,0,1,1,4,0
20252103,Griffin Logue,North Melbourne,0,3,8.03,51,46,0,0,82,4,8,12,100,19,0,5,2,4,2,4,0,1,5,1,1,0,0,0,0,2,1,5,0
20252103,Finn O'Sullivan,North Melbourne,0,2.9,6.51,63,68,0,0,81,10,8,18,77.8,145,1,1,1,0,0,1,9,1,7,1,0,1,0,0,0,2,0,12,0
20252103,Riley Hardeman,North Melbourne,0,2.8,6.97,59,66,0,0,86,9,5,14,85.7,116,0,2,2,2,2,5,0,0,8,2,0,0,0,0,0,1,1,4,0
20252103,Cooper Sharman,St Kilda,0,2.5,9.31,31,29,0,0,82,3,3,6,66.7,112,0,2,2,2,2,0,0,0,2,0,0,2,1,1,0,5,1,5,0
20252103,Angus Hastie,St Kilda,0,2,4.94,30,33,0,0,69,6,1,7,85.7,152,1,0,0,0,0,1,0,0,3,0,0,0,0,0,0,1,1,11,0
20252103,Jacob Konstanty,North Melbourne,0,0.1,5.86,26,42,0,0,81,6,6,12,58.3,76,1,2,1,2,1,2,0,0,2,0,0,1,0,1,0,4,1,13,0
20252103,Bradley Hill,St Kilda,0,-0.6,8.36,82,73,0,0,89,13,4,17,82.4,383,3,1,0,1,0,1,0,0,7,0,0,0,0,0,0,4,1,11,0
20252103,Cooper Harvey,North Melbourne,0,-3,5.12,22,40,0,0,64,8,1,9,44.4,219,4,1,0,1,0,1,0,0,4,0,0,1,0,1,0,3,0,8,0
20252104,Bayley Fritsch,Melbourne,4,21.9,8.21,88,88,0.81,12,82,9,8,17,76.5,310,2,6,3,5,3,1,0,1,6,0,1,5,4,0,1,8,2,7,0
20252104,Max Gawn,Melbourne,9,21,14.91,131,113,1.89,34,85,8,13,21,57.1,247,3,14,4,7,2,9,82,2,8,6,3,1,1,0,0,4,1,3,29
20252104,Jack Viney,Melbourne,9,17.9,10.11,121,95,1.83,33,76,14,11,25,72,315,3,20,15,5,5,1,64,13,0,0,0,3,1,2,0,7,8,23,0
20252104,Tom McCarthy,West Coast,0,16.6,11.09,123,91,0,0,76,16,10,26,80.8,482,3,10,9,4,3,4,12,5,7,0,0,0,0,0,1,8,1,12,0
20252104,Caleb Windsor,Melbourne,0,16,7.22,75,68,0.02,0,77,11,5,16,68.8,383,4,7,5,1,1,0,73,3,1,0,0,2,0,1,1,5,5,22,0
20252104,Christian Petracca,Melbourne,1,15.2,14.61,117,78,0.11,1,82,6,17,23,78.3,206,1,12,11,6,6,2,21,4,2,1,0,2,1,1,2,8,4,18,0
20252104,Jai Culley,Melbourne,0,15.1,5.73,78,78,0.01,0,76,9,4,13,92.3,312,5,7,3,5,1,3,0,2,7,2,2,3,2,0,1,5,2,8,0
20252104,Jake Melksham,Melbourne,0,14.7,8.36,84,39,0,0,64,6,4,10,90,196,1,3,2,3,2,1,0,0,2,0,0,1,1,0,2,4,0,10,0
20252104,Kade Chandler,Melbourne,0,14.6,9.41,103,81,0.01,0,86,8,10,18,72.2,348,5,8,7,6,6,2,0,2,5,0,0,1,1,0,1,8,4,17,0
20252104,Harvey Langford,Melbourne,0,14.3,9.37,79,72,0.04,0,86,10,6,16,68.8,371,5,6,4,4,2,1,0,2,2,0,0,4,3,0,0,6,1,5,0
20252104,Elijah Hewett,West Coast,0,13.7,7.45,77,79,0,0,83,8,15,23,73.9,281,4,9,6,3,3,4,79,3,3,1,0,0,0,0,1,6,4,15,0
20252104,Tom Cole,West Coast,0,12.8,7.77,98,83,0,0,80,12,12,24,70.8,345,3,9,7,8,6,9,0,1,4,0,1,1,0,1,1,3,3,13,0
20252104,Trent Rivers,Melbourne,0,12.2,10.99,83,85,0.02,0,81,12,6,18,88.9,269,0,2,2,2,2,5,0,0,10,3,0,1,1,0,0,5,0,7,0
20252104,Clayton Oliver,Melbourne,2,12.2,10.67,109,95,0.41,6,76,13,15,28,67.9,386,6,13,12,4,4,3,70,5,4,1,0,0,0,0,2,7,5,16,0
20252104,Kysaiah Pickett,Melbourne,2,11.5,12.49,98,103,0.48,8,85,20,6,26,53.8,560,7,7,5,3,2,3,73,2,3,1,0,2,0,1,2,10,5,14,0
20252104,Campbell Chesser,West Coast,0,11.4,5.91,78,70,0,0,84,13,4,17,64.7,373,6,2,1,1,1,0,0,1,4,0,0,1,1,0,0,5,2,9,0
20252104,Liam Duggan,West Coast,0,11,7.85,91,93,0,0,83,15,6,21,85.7,396,2,2,2,1,1,6,0,1,8,4,0,0,0,0,0,5,3,15,0
20252104,Jake Bowey,Melbourne,0,10.7,9.17,106,95,0.02,0,85,19,6,25,84,513,3,4,2,3,1,4,0,1,7,1,0,0,0,0,1,7,2,9,0
20252104,Reuben Ginbey,West Coast,0,10.4,9.42,98,60,0,0,90,9,6,15,73.3,348,1,10,5,9,4,9,0,1,1,0,0,0,0,0,0,5,4,10,0
20252104,Harrison Petty,Melbourne,0,10.2,5.45,98,93,0.05,1,76,9,2,11,63.6,297,1,6,1,5,1,1,0,1,8,0,3,6,3,2,1,8,4,17,4
20252104,Daniel Turner,Melbourne,0,10.1,8.83,69,55,0.01,0,94,8,4,12,83.3,234,1,6,2,6,2,6,0,0,6,3,3,0,0,0,1,3,1,5,0
20252104,Ryan Maric,West Coast,0,10.1,8.12,141,112,0.01,0,87,20,9,29,79.3,627,3,6,6,4,4,4,0,2,4,1,0,1,1,0,1,6,4,8,0
20252104,Tim Kelly,West Coast,0,9.8,9.98,100,93,0.01,0,87,13,13,26,80.8,422,2,11,6,2,2,2,82,7,3,0,0,0,0,0,0,2,5,17,0
20252104,Harry Edwards,West Coast,0,9.4,9.63,32,22,0,0,92,4,2,6,100,110,0,0,0,0,0,2,0,0,4,2,0,0,0,0,0,3,0,7,0
20252104,Liam Baker,West Coast,0,9.2,11.44,79,79,0,0,84,10,8,18,55.6,263,4,9,9,3,3,2,61,4,4,0,0,1,0,1,0,2,5,23,0
20252104,Jacob van Rooyen,Melbourne,0,7.2,6.6,88,77,0.02,0,77,8,7,15,73.3,120,1,5,3,4,3,0,18,1,3,0,0,3,2,1,1,8,4,8,3
20252104,Clay Hall,West Coast,0,7.1,9.34,60,52,0,0,76,6,9,15,80,222,2,4,4,3,3,3,0,0,4,0,0,0,0,0,0,3,1,10,0
20252104,Christian Salem,Melbourne,3,6.9,7.62,97,113,0.21,3,82,18,12,30,73.3,400,4,5,5,5,5,8,0,0,9,2,0,0,0,0,0,5,2,4,0
20252104,Tyler Brockman,West Coast,0,6.9,7.3,32,34,0,0,79,5,3,8,62.5,171,2,2,1,2,1,0,6,0,3,0,1,2,1,1,1,4,0,15,0
20252104,Judd McVee,Melbourne,0,6.6,7.89,52,36,0,0,84,5,6,11,90.9,104,0,4,4,4,4,4,0,0,3,0,0,0,0,0,0,3,0,9,0
20252104,Blake Howes,Melbourne,0,6.4,5.89,54,40,0,0,77,4,8,12,100,95,0,3,2,3,2,3,0,0,4,1,1,0,0,0,0,1,0,0,0
20252104,Tom McDonald,Melbourne,0,5.9,9.22,50,44,0.01,0,97,7,5,12,83.3,138,1,3,2,3,2,6,0,0,4,4,1,0,0,0,0,1,1,2,0
20252104,Ed Langdon,Melbourne,0,5.9,7.39,42,52,0,0,76,7,4,11,81.8,118,1,3,3,3,3,1,0,0,4,0,0,2,1,1,0,5,1,10,0
20252104,Jobe Shanahan,West Coast,0,5.9,4.58,28,27,0,0,84,3,1,4,75,35,0,3,1,3,1,0,0,0,2,0,2,1,1,0,0,2,1,6,0
20252104,Jamie Cripps,West Coast,0,5.9,7.13,31,53,0,0,88,5,3,8,37.5,213,2,2,1,2,1,1,0,0,4,0,0,2,2,0,0,2,2,19,0
20252104,Matthew Owies,West Coast,0,5.1,6,54,34,0,0,79,4,5,9,88.9,123,2,3,2,3,2,2,0,0,4,0,0,0,0,0,0,2,0,6,0
20252104,Archer Reid,West Coast,0,4.9,5.9,58,55,0,0,72,6,2,8,75,99,1,5,2,4,2,0,18,1,4,0,1,2,1,1,0,4,1,7,8
20252104,Brady Hough,West Coast,0,4.8,7.78,55,47,0,0,82,3,8,11,90.9,46,1,4,4,3,3,3,58,0,3,1,0,0,0,0,0,2,4,14,0
20252104,Tom Sparrow,Melbourne,0,3.2,7.14,57,69,0,0,79,9,5,14,71.4,324,3,1,1,1,1,1,0,1,4,0,0,0,0,0,0,3,5,17,0
20252104,Bailey J. Williams,West Coast,0,3.2,7.5,38,43,0,0,81,2,4,6,50,34,1,3,2,0,0,0,82,2,1,0,0,0,0,0,0,1,2,12,26
20252104,Tyrell Dewar,West Coast,0,1.8,6.01,21,27,0,0,55,4,1,5,100,98,2,1,0,1,0,0,0,0,4,0,0,0,0,0,1,3,0,8,0
20252104,Tom Gross,West Coast,0,1.6,6.88,41,53,0,0,69,5,8,13,69.2,73,1,5,3,2,2,0,3,2,6,0,0,1,0,0,0,2,1,9,0
20252104,Rhett Bazzo,West Coast,0,1.5,4.45,43,45,0,0,91,6,4,10,70,166,0,1,1,1,1,3,0,0,2,1,0,0,0,0,0,1,4,9,3
20252104,Hamish Davis,West Coast,0,1.2,2.89,13,18,0,0,22,3,1,4,100,74,1,0,0,0,0,0,0,0,1,0,0,0,0,0,0,1,1,2,0
20252104,Liam Ryan,West Coast,0,1.1,8.85,24,34,0,0,76,5,1,6,50,163,2,2,1,2,1,1,0,0,4,0,1,3,1,2,0,4,0,12,0
20252104,Harry Sharp,Melbourne,0,0.8,3.32,5,9,0,0,18,2,0,2,100,62,1,0,0,0,0,0,0,0,1,0,0,0,0,0,0,1,0,5,0
20252105,Tim English,Western Bulldogs,8,21.4,12.13,202,129,0.82,8,79,16,4,20,75,292,1,8,2,4,1,4,82,4,11,3,2,5,2,3,0,14,0,6,22
20252105,Marcus Bontempelli,Western Bulldogs,8,20.6,17.48,151,97,1.6,22,81,14,13,27,92.6,472,5,11,5,2,1,1,75,9,5,0,1,0,0,0,2,14,3,16,0
20252105,Aaron Naughton,Western Bulldogs,8,20.4,10.28,137,113,2.48,59,82,12,8,20,55,388,2,14,5,14,5,4,0,0,8,0,4,7,5,2,0,13,1,11,1
20252105,Ed Richards,Western Bulldogs,0,17.8,16.21,100,87,0.02,0,81,11,10,21,85.7,375,7,6,5,1,1,0,64,3,5,0,0,1,1,0,1,9,3,15,0
20252105,Lachlan McNeil,Western Bulldogs,0,14.1,7.17,83,59,0.01,0,63,8,3,11,63.6,299,3,7,3,6,2,1,0,1,2,0,1,5,3,2,0,7,0,7,0
20252105,Sam Darcy,Western Bulldogs,4,13.8,14.06,119,89,0.92,10,94,11,2,13,61.5,334,3,9,2,9,2,1,0,0,4,0,3,9,5,3,0,8,2,8,1
20252105,Tom Liberatore,Western Bulldogs,0,13.8,14.79,119,82,0.06,0,77,14,12,26,76.9,366,6,12,5,2,0,1,64,8,3,0,0,0,0,0,2,7,2,18,0
20252105,Finn Callaghan,Greater Western Sydney,0,12,14.07,106,89,0,0,82,17,6,23,87,520,8,5,4,3,3,6,71,2,6,2,0,0,0,0,0,6,2,10,0
20252105,Rory Lobb,Western Bulldogs,2,11.6,10.22,90,73,0.01,0,100,10,3,13,69.2,242,2,6,2,5,2,6,18,1,8,2,1,0,0,0,0,5,2,4,2
20252105,Ryley Sanders,Western Bulldogs,0,10.4,8.9,71,41,0,0,80,3,8,11,81.8,129,2,9,6,5,4,3,14,3,2,0,1,0,0,0,0,5,2,17,0
20252105,Matthew Kennedy,Western Bulldogs,0,10.1,11.37,95,79,0.03,0,70,9,14,23,60.9,224,2,12,10,7,6,5,50,5,4,1,1,2,1,1,0,7,2,12,0
20252105,Aaron Cadman,Greater Western Sydney,0,9.9,7.52,49,53,0,0,86,7,1,8,50,221,1,2,0,2,0,0,0,0,4,0,1,4,2,1,0,6,1,5,0
20252105,Lachie Ash,Greater Western Sydney,0,9.6,11.41,139,135,0.01,0,96,25,11,36,80.6,685,3,3,3,2,2,2,0,1,12,0,0,0,0,0,0,2,2,13,0
20252105,Lachie Whitfield,Greater Western Sydney,0,9.4,9.68,126,118,0,0,81,23,6,29,75.9,501,1,5,4,5,4,5,0,0,13,1,0,0,0,0,0,1,1,8,0
20252105,Xavier O'Halloran,Greater Western Sydney,0,9.2,9.3,69,45,0,0,83,9,4,13,92.3,290,3,5,2,3,2,0,46,1,5,0,0,0,0,0,0,4,0,12,0
20252105,Bailey Dale,Western Bulldogs,0,9.2,13.16,97,76,0.01,0,82,17,5,22,86.4,441,1,4,4,3,3,4,0,1,5,0,0,0,0,0,1,8,0,4,0
20252105,Darcy Jones,Greater Western Sydney,0,8.6,10.77,58,35,0,0,88,4,4,8,75,121,1,6,3,5,2,2,7,1,2,0,1,0,0,0,1,2,3,15,0
20252105,Stephen Coniglio,Greater Western Sydney,0,8,9.01,57,58,0,0,74,9,6,15,80,97,1,6,4,1,1,1,54,7,2,0,0,0,0,0,0,4,3,11,0
20252105,Jake Riccardi,Greater Western Sydney,0,7.5,6.62,59,55,0,0,79,6,3,9,77.8,129,1,3,1,2,1,1,32,1,1,0,0,3,2,1,0,6,3,9,8
20252105,Tom Green,Greater Western Sydney,0,6.7,15.1,79,67,0.01,0,84,10,15,25,72,230,4,11,8,6,6,5,79,3,1,1,0,0,0,0,0,6,3,17,0
20252105,James O'Donnell,Western Bulldogs,0,6.6,7.37,55,28,0,0,100,6,3,9,77.8,194,1,5,5,5,5,7,0,0,2,1,0,0,0,0,0,2,0,2,0
20252105,Connor Idun,Greater Western Sydney,0,6,10.11,112,92,0,0,91,14,9,23,91.3,318,0,4,4,4,4,4,0,0,10,1,0,0,0,0,0,2,1,3,0
20252105,Caleb Poulter,Western Bulldogs,0,6,7.44,78,57,0,0,62,8,5,13,61.5,228,2,4,3,4,3,2,0,0,5,0,1,3,1,1,0,7,1,6,0
20252105,Jason Johannisen,Western Bulldogs,0,5.9,7.18,75,62,0,0,85,10,4,14,92.9,229,4,3,1,3,1,3,0,0,8,3,2,0,0,0,1,8,0,4,0
20252105,Riley Garcia,Western Bulldogs,0,5.5,8.27,81,61,0,0,69,8,7,15,66.7,167,4,8,5,5,4,3,29,3,1,0,0,2,0,1,1,6,5,11,0
20252105,Rhylee West,Western Bulldogs,0,5.4,10.54,58,39,0,0,86,6,1,7,85.7,145,1,3,3,3,3,4,4,0,2,0,0,1,1,0,3,6,3,14,0
20252105,Toby Bedford,Greater Western Sydney,0,5.1,7.82,33,45,0,0,85,7,2,9,77.8,224,3,2,1,0,0,1,7,1,3,0,0,1,1,0,0,1,2,14,0
20252105,Lachlan Bramble,Western Bulldogs,0,5,8,56,66,0,0,87,13,2,15,80,327,2,1,1,1,1,1,0,0,6,0,0,0,0,0,1,4,2,4,0
20252105,Bailey Williams,Western Bulldogs,0,5,9.34,63,52,0,0,87,8,7,15,66.7,326,2,4,3,3,2,1,0,0,3,0,0,2,0,2,0,8,1,4,0
20252105,Sam Taylor,Greater Western Sydney,0,4.9,11.11,48,34,0,0,83,4,6,10,80,54,0,4,4,4,4,3,0,0,4,0,0,0,0,0,0,1,1,4,0
20252105,Leek Aleer,Greater Western Sydney,0,4.6,7.39,57,43,0,0,89,4,8,12,91.7,50,0,6,2,6,2,8,0,0,5,3,1,0,0,0,0,2,3,9,0
20252105,Oskar Baker,Western Bulldogs,0,4.6,6.99,67,55,0,0,72,6,8,14,92.9,172,2,5,3,3,2,3,0,2,4,0,0,0,0,0,0,2,2,11,0
20252105,Kieren Briggs,Greater Western Sydney,0,4.2,12.76,58,52,0,0,65,4,4,8,50,92,3,5,2,0,0,0,68,3,1,0,0,0,0,0,0,1,2,6,32
20252105,Harvey Thomas,Greater Western Sydney,0,4,7.3,43,57,0,0,88,7,4,11,81.8,92,0,2,1,1,1,1,0,1,5,1,0,0,0,0,0,2,3,16,0
20252105,Ryan Angwin,Greater Western Sydney,0,3.9,7.63,37,39,0,0,77,4,3,7,85.7,109,2,1,1,0,0,1,0,1,3,1,0,0,0,0,1,4,3,12,0
20252105,Harry Himmelberg,Greater Western Sydney,0,3.4,10.35,92,91,0,0,82,17,1,18,94.4,417,3,3,0,3,0,3,0,0,11,1,1,1,0,1,1,3,2,5,0
20252105,Luke Cleary,Western Bulldogs,0,2.9,7.3,45,40,0,0,87,8,5,13,76.9,176,1,4,3,4,3,5,0,0,2,1,0,0,0,0,0,3,2,5,0
20252105,Callum Brown,Greater Western Sydney,0,2.1,9.19,44,38,0,0,76,4,4,8,75,13,0,4,0,4,0,1,0,0,2,0,1,0,0,0,1,2,2,7,0
20252105,Jedd Busslinger,Western Bulldogs,0,1.7,5.12,35,25,0,0,79,5,2,7,85.7,94,1,1,1,1,1,1,0,0,4,0,0,0,0,0,0,2,0,1,0
20252105,Joel Freijah,Western Bulldogs,0,0.9,10.71,51,48,0,0,81,9,5,14,78.6,143,4,1,1,0,0,1,0,1,3,0,0,1,0,0,1,5,1,6,0
20252105,Jake Stringer,Greater Western Sydney,0,0.4,9.65,35,44,0,0,81,5,3,8,37.5,161,0,1,1,0,0,0,4,1,4,0,0,3,1,1,0,3,1,13,0
20252105,Harry Rowston,Greater Western Sydney,0,-0.1,4.15,16,20,0,0,45,3,2,5,80,57,1,0,0,0,0,1,32,0,3,0,0,0,0,0,1,1,1,9,0
20252105,Joe Fonti,Greater Western Sydney,0,-0.8,6.97,38,52,0,0,79,7,3,10,50,114,1,2,2,2,2,2,0,0,4,0,0,0,0,0,0,2,4,8,0
20252105,Jesse Hogan,Greater Western Sydney,0,-1.6,9.51,6,5,0,0,77,1,2,3,33.3,31,0,2,1,2,1,0,0,0,0,0,0,1,0,0,0,2,0,2,0
20252105,Laitham Vandermeer,Western Bulldogs,0,-2.5,2.91,0,13,0,0,16,2,2,4,25,51,0,0,0,0,0,0,0,0,2,0,0,0,0,0,0,1,0,2,0
20252105,Toby McMullin,Greater Western Sydney,0,-3.6,6.89,14,23,0,0,30,3,4,7,42.9,98,0,4,3,3,3,1,0,1,1,0,0,1,0,1,0,1,1,6,0
20252106,Lachie Neale,Brisbane,7,25.2,13.92,142,112,1.78,28,86,16,20,36,80.6,367,2,20,16,7,6,7,86,12,4,0,0,0,0,0,0,6,3,16,0
20252106,Logan Morris,Brisbane,8,23.5,7.38,124,96,2.27,47,83,11,3,14,71.4,207,2,8,3,8,3,1,0,0,6,0,2,8,6,0,2,8,0,7,0
20252106,Hugh McCluggage,Brisbane,7,20.6,14.43,157,119,1.35,18,82,18,16,34,67.6,457,6,14,10,5,2,2,71,8,3,0,0,0,0,0,2,6,7,24,0
20252106,Nick Daicos,Collingwood,0,17.7,15.52,110,92,0.06,0,92,11,18,29,75.9,300,4,8,5,2,2,2,71,6,4,0,0,1,1,0,2,9,2,21,0
20252106,Dayne Zorko,Brisbane,0,15.8,11.03,101,80,0,0,78,13,6,19,94.7,397,5,6,4,4,3,4,0,2,3,0,0,0,0,0,2,7,6,17,0
20252106,Josh Dunkley,Brisbane,1,15.1,12.79,135,113,0.36,5,76,16,15,31,71,312,2,13,9,2,2,2,75,9,3,0,0,0,0,0,0,6,6,21,0
20252106,Darcy Cameron,Collingwood,0,15.1,12.85,108,91,0,0,86,8,4,12,75,21,1,7,3,4,3,7,82,1,5,5,1,0,0,0,0,5,1,15,40
20252106,Darcy Fort,Brisbane,0,15,9.65,111,81,0,0,79,5,4,9,66.7,129,1,4,2,2,1,0,79,2,1,0,0,0,0,0,0,3,5,12,35
20252106,Harris Andrews,Brisbane,3,14.9,9.55,92,48,0,0,100,8,1,9,100,186,0,4,1,4,1,9,0,0,6,3,0,0,0,0,0,3,1,7,0
20252106,Patrick Lipinski,Collingwood,0,14.8,9.04,88,59,0,0,80,6,11,17,70.6,87,2,12,10,7,7,1,0,2,1,0,0,0,0,0,1,4,4,19,0
20252106,Darcy Wilmot,Brisbane,0,14.5,11.18,90,71,0,0,78,11,8,19,73.7,278,3,4,4,3,3,7,0,1,4,2,0,1,1,0,0,3,1,11,0
20252106,Steele Sidebottom,Collingwood,3,13.8,9.67,105,101,0.01,0,85,14,7,21,61.9,448,5,6,5,3,3,4,7,1,7,0,0,2,2,0,1,6,3,18,0
20252106,Scott Pendlebury,Collingwood,0,13.7,11.02,106,94,0,0,79,8,14,22,86.4,210,5,11,6,3,2,3,75,5,4,1,0,0,0,0,0,6,8,25,0
20252106,Jaspa Fletcher,Brisbane,0,11.7,9.33,96,82,0,0,88,14,8,22,68.2,332,5,10,10,7,7,8,0,3,5,1,0,0,0,0,0,3,2,7,0
20252106,Jack Crisp,Collingwood,0,11.5,13,70,66,0,0,84,10,5,15,46.7,370,2,10,5,4,2,6,14,5,1,0,0,0,0,0,1,4,6,20,0
20252106,Zac Bailey,Brisbane,0,11.3,10.5,83,78,0.01,0,79,12,9,21,61.9,297,2,7,6,3,2,3,0,2,1,1,0,2,2,0,0,3,2,15,0
20252106,Charlie Cameron,Brisbane,0,10.1,7.05,60,55,0,0,82,10,3,13,61.5,286,5,2,2,1,1,1,0,0,3,0,0,1,0,1,3,5,2,8,0
20252106,Brody Mihocek,Collingwood,0,9.9,7.41,69,56,0,0,82,5,1,6,66.7,172,3,5,2,5,2,2,0,0,2,0,0,2,1,1,0,3,6,10,0
20252106,Isaac Quaynor,Collingwood,0,9.3,8.04,62,58,0,0,79,7,3,10,70,232,1,3,2,2,1,4,0,0,5,2,1,0,0,0,0,1,4,15,0
20252106,Harry Perryman,Collingwood,0,8.9,8.36,61,53,0,0,78,9,7,16,81.3,366,2,2,1,2,1,6,0,1,5,2,1,1,0,0,0,2,0,10,0
20252106,Henry Smith,Brisbane,0,8.8,6.61,74,66,0,0,73,3,2,5,100,109,0,1,0,1,0,0,21,0,4,0,0,3,3,0,0,4,5,13,5
20252106,Darcy Moore,Collingwood,0,8.4,11.27,38,18,0,0,91,5,3,8,50,250,2,3,2,3,2,4,0,0,1,1,1,0,0,0,0,1,0,6,0
20252106,Bruce Reville,Brisbane,0,8.1,2.53,60,50,0,0,56,7,4,11,81.8,180,0,3,2,2,1,3,0,1,4,1,0,0,0,0,0,1,2,6,0
20252106,Josh Daicos,Collingwood,1,8,10.35,100,113,0.01,0,85,21,8,29,69,665,6,3,2,2,1,2,14,2,4,0,0,1,0,1,1,3,5,17,0
20252106,Daniel McStay,Collingwood,0,8,6.76,47,27,0,0,76,2,1,3,66.7,32,1,4,0,2,0,0,18,2,1,0,1,1,1,0,0,2,1,6,6
20252106,Lachie Schultz,Collingwood,0,7.6,8.54,98,99,0,0,86,12,5,17,76.5,313,2,6,2,6,2,3,0,0,6,0,0,1,1,0,0,4,7,21,0
20252106,Jordan De Goey,Collingwood,0,7.4,9.55,34,37,0,0,47,7,5,12,41.7,182,2,6,5,1,1,0,46,4,1,0,0,1,1,0,0,2,0,8,0
20252106,Cam Rayner,Brisbane,0,7.1,10.7,91,99,0.01,0,94,12,3,15,46.7,290,2,7,4,6,4,4,11,1,3,0,1,5,2,2,0,4,9,21,0
20252106,Jarrod Berry,Brisbane,0,6.6,9.5,83,74,0,0,74,10,10,20,85,250,1,5,2,2,0,0,0,0,4,0,0,0,0,0,0,3,3,18,0
20252106,Sam Marshall,Brisbane,0,6.5,6.59,41,38,0,0,69,4,8,12,83.3,117,3,4,4,1,1,1,0,1,3,0,0,1,0,0,0,2,1,12,0
20252106,Ned Long,Collingwood,0,6.3,10.25,54,46,0,0,76,5,4,9,11.1,127,2,8,6,1,1,0,71,4,0,0,0,0,0,0,0,0,7,45,0
20252106,Brayden Maynard,Collingwood,0,5.6,9.05,53,53,0,0,78,7,8,15,73.3,227,0,7,4,6,3,7,0,1,3,2,1,0,0,0,0,1,3,6,0
20252106,Bobby Hill,Collingwood,0,4.3,3.86,22,19,0,0,31,2,2,4,75,75,1,1,0,1,0,1,0,0,2,1,1,1,1,0,0,2,0,6,0
20252106,Will Hoskin-Elliott,Collingwood,0,3.9,6.47,40,33,0,0,71,4,2,6,66.7,162,2,1,0,1,0,3,0,0,3,1,0,1,0,0,0,1,2,10,0
20252106,Eric Hipwood,Brisbane,0,3.7,5.69,79,66,0,0,75,7,6,13,61.5,194,2,7,3,6,3,3,0,1,6,1,1,1,0,1,0,3,3,9,0
20252106,Dan Houston,Collingwood,0,3.6,10.53,52,29,0,0,78,8,3,11,81.8,228,0,3,2,3,2,3,0,0,1,0,0,0,0,0,0,2,2,11,0
20252106,Tim Membrey,Collingwood,0,2.8,6.37,23,25,0,0,83,4,1,5,40,80,1,2,1,2,1,0,0,0,1,0,0,2,1,1,1,3,0,4,0
20252106,Oleg Markov,Collingwood,0,2.6,6.39,40,35,0,0,76,3,5,8,62.5,117,0,3,2,2,2,2,0,0,1,0,0,0,0,0,0,1,4,14,0
20252106,Jamie Elliott,Collingwood,0,2.3,8.34,34,42,0,0,86,4,4,8,50,137,1,3,1,3,1,0,0,0,5,0,2,3,1,0,0,3,1,8,0
20252106,Charlie Dean,Collingwood,0,2,7.7,31,30,0,0,90,5,3,8,50,173,0,3,3,3,3,4,0,0,4,1,0,0,0,0,0,1,0,5,0
20252106,Brandon Starcevich,Brisbane,0,1.7,6.34,31,35,0,0,87,7,2,9,44.4,118,0,4,4,4,4,5,0,0,3,0,0,0,0,0,0,1,1,4,0
20252106,Ryan Lester,Brisbane,0,0.3,8.76,3,0,0,0,22,0,0,0,0,0,0,0,0,0,0,0,0,0,0,0,0,0,0,0,0,0,0,0,0
20252106,Will Ashcroft,Brisbane,0,0.2,12.42,86,109,0.1,1,84,17,13,30,53.3,337,3,10,7,3,3,1,57,4,7,0,0,2,0,2,0,6,3,13,0
20252106,Darcy Gardiner,Brisbane,0,-0.1,6.28,34,27,0,0,91,5,2,7,71.4,110,0,1,1,1,1,2,0,0,3,1,0,0,0,0,1,1,2,6,0
20252106,Levi Ashcroft,Brisbane,0,-1.5,6.39,57,71,0,0,82,14,8,22,54.5,289,2,5,5,2,2,2,0,4,3,0,0,0,0,0,0,1,1,5,0
20252106,Callum Ah Chee,Brisbane,0,-2.8,8.07,23,26,0,0,82,4,1,5,40,129,2,0,0,0,0,1,0,0,4,1,0,0,0,0,0,1,0,9,0
20252107,Ben King,Gold Coast,0,20.7,7.14,96,67,0.1,0,90,6,4,10,90,192,2,6,2,6,2,0,0,0,5,0,2,5,4,0,0,7,0,7,0
20252107,Noah Anderson,Gold Coast,10,20.2,16.41,147,123,2.74,76,85,19,19,38,76.3,521,9,15,11,6,6,5,90,8,5,0,0,0,0,0,3,12,4,10,0
20252107,Jy Farrar,Gold Coast,0,17.3,6.86,120,88,0.01,0,71,8,3,11,90.9,83,1,3,1,3,1,3,0,0,6,1,0,3,2,1,1,8,6,13,0
20252107,Brayden Fiorini,Gold Coast,2,16.4,9.7,114,107,0.11,0,83,14,10,24,91.7,403,3,6,4,5,3,3,0,1,7,1,0,1,1,0,2,9,4,16,0
20252107,Jack Ross,Richmond,0,16.2,9.08,80,70,0,0,84,6,17,23,69.6,251,4,9,5,3,3,4,71,5,2,1,0,0,0,0,1,4,3,20,0
20252107,Nick Vlastuin,Richmond,0,15.1,10.66,138,99,0,0,83,14,6,20,90,324,0,8,2,8,2,11,0,0,8,4,2,1,0,1,0,3,4,15,0
20252107,Touk Miller,Gold Coast,1,14.8,14.83,122,94,0.05,0,62,11,14,25,68,326,7,9,9,6,6,2,24,1,4,1,0,1,0,1,1,8,5,13,0
20252107,Matt Rowell,Gold Coast,8,14.2,16.2,134,106,1.95,22,80,10,17,27,85.2,204,2,14,8,2,2,3,76,12,3,1,0,1,0,1,0,12,9,33,0
20252107,Mac Andrew,Gold Coast,3,14.2,8.62,118,103,0.3,1,94,14,10,24,87.5,556,0,4,1,4,1,5,0,0,11,1,1,1,1,0,0,4,0,5,0
20252107,Sam Collins,Gold Coast,3,13.7,10.56,113,85,0.12,0,88,12,6,18,88.9,200,0,11,4,11,4,12,0,0,9,7,5,0,0,0,0,5,2,5,0
20252107,John Noble,Gold Coast,3,12.9,8.7,107,103,0.38,1,84,23,7,30,83.3,723,3,0,0,0,0,3,0,0,5,2,0,1,0,1,0,7,1,9,0
20252107,Sam Banks,Richmond,0,11.2,7.69,105,103,0,0,79,21,5,26,80.8,547,2,5,2,4,1,5,0,0,5,1,0,0,0,0,0,3,3,9,0
20252107,Ben Ainsworth,Gold Coast,0,10.2,7.25,62,47,0,0,83,5,6,11,63.6,221,2,3,3,2,2,1,0,1,3,0,0,2,1,1,1,6,1,14,0
20252107,Jayden Short,Richmond,0,9.6,8.48,75,73,0,0,86,14,9,23,82.6,419,1,3,3,3,3,5,0,1,5,2,0,0,0,0,0,3,0,2,0
20252107,Ben Long,Gold Coast,0,9.4,7.88,66,72,0.03,0,85,11,3,14,64.3,236,3,6,1,4,0,0,0,2,8,0,4,3,2,1,0,4,2,11,0
20252107,Lachie Weller,Gold Coast,0,9.3,7.8,60,42,0,0,87,7,6,13,92.3,286,0,6,6,6,6,4,0,0,3,1,0,0,0,0,0,3,0,11,0
20252107,Wil Powell,Gold Coast,0,9.1,9.03,89,74,0.01,0,77,12,5,17,88.2,436,5,2,1,1,0,1,0,1,5,0,0,0,0,0,0,4,3,6,0
20252107,Ben Miller,Richmond,0,9.1,8.86,75,52,0,0,97,8,5,13,69.2,227,1,5,4,5,4,6,0,0,6,2,1,0,0,0,0,1,0,8,0
20252107,Joel Jeffrey,Gold Coast,0,8.7,10.28,100,98,0.04,0,83,19,7,26,92.3,582,1,1,0,1,0,2,0,0,7,1,0,0,0,0,0,5,2,5,0
20252107,James Trezise,Richmond,0,8.7,7.66,84,71,0,0,81,7,12,19,89.5,289,2,4,3,2,1,1,0,2,4,0,0,1,0,1,0,2,3,17,0
20252107,Tom Brown,Richmond,0,8.5,7.49,55,46,0,0,73,5,9,14,78.6,145,2,5,5,4,4,5,0,1,3,2,0,0,0,0,1,3,1,7,0
20252107,Taj Hotton,Richmond,0,8.4,7.83,59,53,0,0,74,3,11,14,85.7,89,2,7,5,5,5,2,14,2,5,1,0,1,0,1,0,5,2,15,0
20252107,Jarrod Witts,Gold Coast,0,8,13.5,86,75,0.01,0,82,4,7,11,81.8,76,2,5,1,0,0,0,76,5,2,0,0,0,0,0,0,5,2,6,36
20252107,Bodhi Uwland,Gold Coast,0,7.9,8.96,73,60,0,0,78,8,7,15,86.7,268,2,3,2,3,2,4,0,0,6,1,1,0,0,0,1,4,1,5,0
20252107,Kamdyn McIntosh,Richmond,0,7.8,2.67,55,54,0,0,68,8,6,14,85.7,324,3,2,1,2,1,3,0,0,8,1,0,0,0,0,0,3,0,8,0
20252107,Alex Davies,Gold Coast,0,7.5,11.05,59,53,0.01,0,81,3,11,14,85.7,142,2,6,4,0,0,0,76,3,2,0,0,0,0,0,0,4,7,31,0
20252107,Jacob Hopper,Richmond,0,7.3,10.33,69,85,0,0,82,10,15,25,64,294,2,9,7,3,3,1,71,4,5,0,0,2,0,1,0,6,2,13,0
20252107,Connor Budarick,Gold Coast,0,7,6,69,63,0,0,79,8,6,14,85.7,274,4,4,3,4,3,3,0,0,7,1,0,0,0,0,0,3,2,14,0
20252107,Ethan Read,Gold Coast,0,6.7,4.57,91,89,0.03,0,74,9,4,13,61.5,291,4,4,2,2,1,0,24,1,9,0,0,5,2,2,1,9,2,10,5
20252107,Rhyan Mansell,Richmond,0,5.9,7.35,51,55,0,0,83,7,4,11,54.5,226,3,5,4,5,4,3,0,0,5,0,0,3,1,2,0,3,2,17,0
20252107,Toby Nankervis,Richmond,0,5.8,13.01,79,87,0,0,85,6,5,11,63.6,142,0,6,3,2,1,2,86,4,2,1,1,0,0,0,0,3,6,15,33
20252107,Dion Prestia,Richmond,0,5.4,11.73,92,91,0,0,85,9,14,23,78.3,248,2,6,5,1,1,0,86,2,4,0,0,1,0,1,0,5,6,20,0
20252107,Oscar Adams,Gold Coast,0,5.1,4.03,42,55,0.01,0,86,8,6,14,78.6,120,0,3,3,3,3,4,0,0,6,0,0,0,0,0,0,1,1,3,0
20252107,Seth Campbell,Richmond,0,4.9,9.25,41,43,0,0,81,8,3,11,63.6,371,3,3,3,0,0,0,29,0,4,0,0,2,0,1,0,3,0,15,0
20252107,Tyler Sonsie,Richmond,0,3.9,5.9,42,46,0,0,84,7,6,13,84.6,166,1,3,3,0,0,1,10,2,3,0,0,0,0,0,0,2,1,12,0
20252107,Steely Green,Richmond,0,3.9,5.98,27,20,0,0,86,1,3,4,100,50,0,1,1,0,0,0,0,1,1,0,0,0,0,0,0,1,2,18,0
20252107,Harry Armstrong,Richmond,0,3.7,4.54,30,24,0,0,68,2,2,4,75,36,1,3,0,3,0,0,0,0,2,0,2,2,1,1,0,2,0,6,0
20252107,Bailey Humphrey,Gold Coast,0,3.3,11.2,59,62,0.07,0,73,8,2,10,70,268,2,4,3,1,1,0,33,2,4,0,0,5,3,0,1,4,4,12,0
20252107,Sam Flanders,Gold Coast,0,2.2,10.33,47,56,0,0,78,7,8,15,66.7,108,2,4,4,2,2,2,0,0,6,0,0,0,0,0,0,2,1,6,0
20252107,Tylar Young,Richmond,0,1.8,8.35,41,49,0,0,89,9,2,11,54.5,343,0,2,2,2,2,3,0,0,5,0,0,0,0,0,0,2,2,5,0
20252107,Thomas Sims,Richmond,0,1.7,4.2,23,25,0,0,71,3,0,3,66.7,91,2,1,0,1,0,0,14,0,3,0,1,0,0,0,0,0,2,10,2
20252107,Luke Trainor,Richmond,0,0.9,5.17,47,49,0,0,92,10,4,14,85.7,227,0,1,0,1,0,2,0,0,1,0,0,1,0,0,0,3,3,8,0
20252107,Nick Holman,Gold Coast,0,0.7,2.89,3,4,0,0,17,0,2,2,100,1,0,0,0,0,0,0,0,0,0,0,0,0,0,0,0,1,0,2,0
20252107,Noah Balta,Richmond,0,0.2,7.86,33,24,0,0,95,5,3,8,50,215,0,5,5,5,5,3,0,0,4,0,0,1,0,0,0,0,0,3,0
20252107,Maurice Rioli,Richmond,0,0.2,7.95,20,27,0,0,70,5,2,7,28.6,171,3,2,1,2,1,0,19,0,1,0,0,0,0,0,0,1,2,21,0
20252107,Jonty Faull,Richmond,0,0,3.97,0,0,0,0,5,0,0,0,0,0,0,0,0,0,0,0,0,0,0,0,0,0,0,0,0,0,0,0,0
20252108,Luke Jackson,Fremantle,8,25.5,14.87,142,110,1.26,19,85,7,20,27,74.1,166,1,21,12,8,5,6,82,8,1,1,1,1,1,0,0,5,6,32,18
20252108,Josh Treacy,Fremantle,0,19.5,8.81,106,72,0.03,0,92,10,3,13,84.6,437,5,7,2,7,2,3,0,0,5,1,3,3,3,0,2,6,1,10,0
20252108,Cooper Lord,Carlton,0,17.2,8.01,111,87,0.01,0,89,6,16,22,81.8,214,2,14,9,5,5,3,71,3,3,0,0,0,0,0,0,2,8,22,0
20252108,Marc Pittonet,Carlton,0,15.9,12.42,92,69,0,0,60,3,12,15,73.3,142,2,7,5,2,2,4,71,2,2,1,0,0,0,0,1,3,4,5,23
20252108,Patrick Voss,Fremantle,0,15.4,6.86,63,58,0.02,0,83,7,3,10,70,281,4,6,2,6,2,2,0,0,3,0,2,4,3,0,1,5,2,13,0
20252108,Patrick Cripps,Carlton,8,15.3,14.12,125,134,2.23,47,83,18,18,36,52.8,452,8,21,12,8,6,4,89,9,3,0,1,0,0,0,0,7,9,21,0
20252108,George Hewett,Carlton,4,13.4,12.3,120,122,0.68,9,84,21,15,36,66.7,399,5,15,6,5,4,3,86,7,1,0,0,0,0,0,1,5,6,21,0
20252108,Oscar McDonald,Fremantle,0,13.3,4,88,63,0.01,0,92,7,5,12,83.3,222,1,6,5,5,4,8,0,2,4,4,0,1,1,0,0,1,4,10,0
20252108,Francis Evans,Carlton,0,13,5.64,78,67,0,0,74,7,5,12,66.7,156,2,7,5,5,3,1,0,1,3,0,2,3,2,1,1,4,5,16,0
20252108,Brennan Cox,Fremantle,0,12.6,8.05,69,48,0,0,83,7,2,9,100,204,0,5,2,5,2,8,0,0,4,3,0,0,0,0,0,0,2,4,0
20252108,Caleb Serong,Fremantle,0,11.3,16.06,75,66,0.05,0,84,10,9,19,57.9,363,4,15,11,4,4,2,79,8,0,0,0,0,0,0,0,6,6,28,0
20252108,Lachie Fogarty,Carlton,0,11.2,8.48,78,61,0,0,81,6,11,17,58.8,183,1,7,5,5,3,2,0,1,0,0,0,1,1,0,0,4,4,21,0
20252108,Zac Williams,Carlton,0,11,10.12,79,76,0,0,82,14,4,18,66.7,328,3,6,3,2,2,3,29,3,4,1,0,1,1,0,2,4,2,13,0
20252108,Sean Darcy,Fremantle,0,10.8,10.5,89,79,0,0,64,7,3,10,50,221,3,10,4,4,2,1,64,5,1,0,1,0,0,0,0,2,6,13,24
20252108,Sam Switkowski,Fremantle,0,10.6,11.13,76,68,0,0,80,7,4,11,45.5,157,1,10,5,6,3,3,4,3,2,0,1,2,1,1,0,4,6,28,0
20252108,Jye Amiss,Fremantle,0,10.4,5.86,74,54,0.01,0,87,7,1,8,100,118,2,3,0,3,0,0,0,0,5,0,1,3,3,0,1,4,0,5,0
20252108,Isaiah Dudley,Fremantle,0,9.9,6.62,68,32,0,0,67,2,6,8,100,79,0,4,3,4,3,0,0,0,0,0,0,2,2,0,1,5,1,10,0
20252108,Neil Erasmus,Fremantle,0,9.9,3.45,73,73,0.01,0,53,6,10,16,62.5,201,2,8,7,4,4,4,18,1,3,1,0,0,0,0,0,2,6,16,0
20252108,Lewis Young,Carlton,0,9.6,7.22,87,51,0,0,92,7,9,16,81.3,215,0,7,4,7,4,9,0,0,5,2,1,0,0,0,0,1,1,3,0
20252108,Harry McKay,Carlton,0,9.3,8.15,86,90,0,0,93,9,3,12,50,221,1,8,2,7,1,0,0,1,4,0,3,3,1,1,0,4,10,21,1
20252108,Jacob Weitering,Carlton,0,9.3,9.37,81,44,0,0,100,7,6,13,84.6,171,0,6,3,5,3,5,0,1,4,1,1,0,0,0,0,1,0,9,0
20252108,Blake Acres,Carlton,0,9.2,8.43,68,62,0,0,79,10,6,16,75,305,5,5,4,4,3,3,0,1,3,0,0,1,1,0,0,3,2,13,0
20252108,Jordan Clark,Fremantle,8,8.7,10.78,122,102,1.42,22,85,21,9,30,60,759,4,10,7,5,5,8,0,5,1,1,0,1,0,0,2,6,4,11,0
20252108,Lachlan Cowan,Carlton,0,8.4,7.11,78,76,0,0,81,12,4,16,93.8,278,0,3,2,2,1,7,0,0,6,4,0,0,0,0,0,0,4,9,0
20252108,Oliver Hollands,Carlton,0,7.7,7.25,57,57,0,0,90,9,10,19,57.9,383,4,6,6,4,4,3,0,1,1,0,0,0,0,0,0,1,3,20,0
20252108,Andrew Brayshaw,Fremantle,0,7.4,14.35,101,90,0.22,3,85,12,11,23,52.2,332,3,14,5,3,2,2,86,10,4,1,0,0,0,0,0,4,8,30,0
20252108,Adam Saad,Carlton,0,7.3,10.5,72,70,0,0,78,10,6,16,81.3,181,0,3,2,2,2,5,0,2,1,0,0,0,0,0,0,2,6,18,0
20252108,Flynn Young,Carlton,0,7.1,4.06,57,48,0,0,71,5,7,12,50,151,2,8,6,4,4,2,0,3,1,0,0,0,0,0,0,1,4,18,0
20252108,Nathan O'Driscoll,Fremantle,0,7,7.82,55,47,0,0,84,7,3,10,70,287,2,3,3,3,3,1,0,0,1,0,0,1,0,1,0,2,4,17,0
20252108,Tom De Koning,Carlton,0,6.7,12.27,74,86,0,0,81,8,10,18,77.8,188,3,8,4,3,1,1,29,4,4,1,2,0,0,0,0,2,3,8,27
20252108,Luke Ryan,Fremantle,0,6.6,9.49,58,51,0,0,93,7,10,17,70.6,229,0,5,5,5,5,7,0,0,2,1,0,0,0,0,0,2,1,6,0
20252108,Nick Haynes,Carlton,1,6.5,9.26,75,90,0.01,0,90,14,9,23,65.2,364,2,5,4,4,3,9,0,1,7,5,0,1,0,0,0,2,2,6,0
20252108,Jesse Motlop,Carlton,0,6,7.45,41,43,0,0,82,5,2,7,57.1,111,1,4,1,2,1,0,18,2,2,0,1,2,1,0,0,2,5,19,0
20252108,Harry O'Farrell,Carlton,0,5.9,6.09,27,20,0,0,37,3,1,4,100,151,1,0,0,0,0,2,0,0,2,2,0,1,1,0,0,2,0,1,0
20252108,Heath Chapman,Fremantle,0,5.7,7.35,46,43,0,0,92,6,2,8,62.5,181,3,2,1,1,0,2,0,0,4,2,1,0,0,0,1,2,3,13,0
20252108,Bailey Banfield,Fremantle,0,5.4,7.02,66,61,0,0,72,11,5,16,62.5,270,0,4,3,4,3,7,0,0,4,0,0,0,0,0,1,1,2,6,0
20252108,Karl Worner,Fremantle,0,4.8,6.11,86,87,0.01,0,83,10,5,15,73.3,271,0,4,2,3,1,4,0,1,3,2,1,0,0,0,0,1,9,18,0
20252108,Murphy Reid,Fremantle,0,4.1,9.64,43,31,0,0,80,5,5,10,60,158,3,6,5,5,5,2,0,1,1,0,0,1,1,0,1,2,0,10,0
20252108,Corey Durdin,Carlton,0,3.5,3.08,57,48,0,0,41,9,2,11,45.5,212,2,4,4,2,2,0,0,1,2,0,0,2,1,1,0,4,1,5,0
20252108,Ashton Moir,Carlton,0,3.2,5.74,54,56,0,0,75,6,5,11,45.5,109,0,5,5,3,3,0,7,0,3,0,0,3,1,1,0,2,3,9,0
20252108,Jaeger O'Meara,Fremantle,1,2.8,9.7,43,70,0.01,0,81,9,6,15,40,273,3,7,5,2,2,2,32,4,2,0,0,0,0,0,0,0,7,20,0
20252108,Matthew Carroll,Carlton,0,1.7,6.1,31,38,0,0,81,8,0,8,50,198,1,1,0,1,0,5,0,0,4,4,0,0,0,0,1,2,1,6,0
20252108,Michael Frederick,Fremantle,0,1.6,6.96,26,48,0,0,82,6,4,10,40,142,2,3,3,2,2,1,0,1,2,0,0,0,0,0,0,2,4,8,0
20252108,Hayden Young,Fremantle,0,1.3,12.99,12,13,0,0,8,1,1,2,50,25,0,2,2,0,0,0,7,1,0,0,0,0,0,0,0,0,2,4,0
20252108,Shai Bolton,Fremantle,0,0.8,10.68,50,49,0.01,0,85,7,9,16,43.8,195,1,9,8,8,7,2,29,0,1,0,0,2,0,1,1,4,3,16,0
20252108,Will White,Carlton,0,0.2,5.67,40,42,0,0,73,2,6,8,62.5,33,1,3,3,3,3,2,0,0,1,0,0,1,0,1,0,1,5,17,0
20252109,Brodie Grundy,Sydney,9,22.9,13.57,200,150,2.59,67,84,11,28,39,71.8,100,2,22,8,6,3,5,80,13,8,2,1,1,0,1,1,9,1,10,32
20252109,Isaac Heeney,Sydney,5,20.1,14.43,123,100,1.48,17,85,19,9,28,71.4,364,6,14,5,4,2,0,80,7,7,0,2,3,1,1,0,6,0,12,0
20252109,Nick Blakey,Sydney,9,19,12.72,155,122,1.35,14,95,23,5,28,82.1,678,8,6,2,6,2,11,0,0,10,8,4,1,0,1,1,7,3,6,0
20252109,Errol Gulden,Sydney,0,16.8,12.78,115,114,0.18,1,86,17,13,30,70,575,5,6,5,6,5,5,15,0,7,1,1,2,1,0,0,6,4,13,0
20252109,Zach Merrett,Essendon,0,14.8,14.19,88,76,0.01,0,91,12,7,19,73.7,420,6,11,7,6,4,4,95,3,2,1,0,2,0,1,1,6,4,18,0
20252109,Justin McInerney,Sydney,2,13.5,9.77,114,106,0.16,1,81,11,16,27,81.5,234,0,6,5,5,4,2,20,1,8,0,0,2,2,0,0,7,1,10,0
20252109,Jade Gresham,Essendon,0,11.9,7.69,91,74,0,0,84,11,9,20,55,260,4,11,8,3,3,3,45,7,2,0,0,0,0,0,0,1,4,17,0
20252109,Sam Durham,Essendon,3,11.5,12.94,89,77,0.02,0,78,15,7,22,59.1,475,7,12,9,6,4,3,30,5,5,1,1,2,0,1,0,6,1,15,0
20252109,Dane Rampe,Sydney,0,11.4,5.52,111,102,0.02,0,89,18,7,25,88,546,3,4,3,4,3,7,0,0,12,2,1,0,0,0,0,5,1,9,0
20252109,Mason Redman,Essendon,0,11,9.98,98,77,0,0,68,19,1,20,85,652,2,4,0,4,0,5,0,0,4,2,2,1,1,0,0,3,1,6,0
20252109,Andrew McGrath,Essendon,1,11,9.43,131,92,0.03,0,87,13,13,26,65.4,441,5,15,15,4,4,2,90,7,2,0,0,1,0,1,0,2,5,25,0
20252109,Isaac Kako,Essendon,0,9.7,8.5,40,29,0,0,84,5,2,7,71.4,132,2,3,3,2,2,1,0,1,0,0,0,2,1,0,0,4,1,12,0
20252109,Archer May,Essendon,0,9.6,6.67,56,31,0,0,86,6,2,8,75,217,1,6,2,6,2,5,0,0,1,0,0,1,1,0,0,1,0,14,0
20252109,Angus Sheldrick,Sydney,0,9.6,11.07,92,80,0.01,0,68,14,10,24,70.8,358,4,7,6,5,5,2,20,2,7,0,0,1,0,0,1,6,0,12,0
20252109,Xavier Duursma,Essendon,0,9.5,7.38,96,76,0,0,83,10,11,21,71.4,186,2,7,6,5,5,3,0,2,2,0,0,0,0,0,0,0,4,13,0
20252109,Callum Mills,Sydney,1,9.2,10.97,125,100,0.02,0,79,16,7,23,82.6,405,3,7,5,7,5,8,0,0,7,0,0,0,0,0,0,6,4,12,0
20252109,Jack Buller,Sydney,0,9.1,4.86,88,62,0,0,81,5,7,12,75,154,2,8,2,8,2,1,5,0,7,0,1,3,1,1,2,6,2,8,0
20252109,Jaxon Prior,Essendon,0,8.9,6.95,82,75,0,0,92,13,6,19,78.9,405,3,3,3,3,3,4,0,0,4,0,0,0,0,0,0,3,3,6,0
20252109,Archie Perkins,Essendon,0,8.8,6.98,56,39,0,0,72,4,6,10,80,102,0,6,4,6,4,1,0,0,1,0,1,2,1,0,0,2,2,12,0
20252109,Braeden Campbell,Sydney,0,8.2,6.85,68,69,0.01,0,82,9,8,17,52.9,234,3,4,4,3,3,2,0,0,4,0,0,3,2,1,0,4,1,12,0
20252109,James Rowbottom,Sydney,0,8.1,10.83,82,79,0,0,79,8,4,12,66.7,184,1,5,3,5,3,1,0,0,5,1,2,3,1,2,0,3,6,17,0
20252109,Dylan Shiel,Essendon,0,6.8,11.54,40,48,0,0,64,7,4,11,45.5,223,2,6,4,4,3,4,40,2,0,0,0,0,0,0,0,2,5,17,0
20252109,Jayden Laverde,Essendon,0,6.2,6.25,100,73,0,0,100,9,13,22,68.2,196,0,6,5,5,4,6,0,1,4,1,1,0,0,0,0,1,2,11,0
20252109,Jake Lloyd,Sydney,0,6.2,7.4,64,70,0,0,82,9,8,17,88.2,265,2,2,1,2,1,2,0,0,7,0,0,1,0,1,0,4,1,10,0
20252109,Oliver Florent,Sydney,0,6,8.44,63,59,0,0,70,7,5,12,66.7,192,2,3,3,3,3,3,0,0,4,0,0,1,0,0,0,3,4,9,0
20252109,Jayden Nguyen,Essendon,0,5.6,5.72,44,25,0,0,79,2,3,5,60,78,0,6,4,3,2,1,0,1,0,0,0,0,0,0,0,0,3,7,0
20252109,Archie Roberts,Essendon,0,5.6,7.98,81,62,0,0,91,12,9,21,76.2,450,3,4,4,3,3,4,0,0,2,1,0,1,0,1,0,3,1,7,0
20252109,Tom Papley,Sydney,0,5.5,8.52,78,62,0.01,0,83,7,6,13,61.5,198,5,6,2,3,1,1,20,1,4,0,0,3,1,0,0,4,3,10,0
20252109,Matt Guelfi,Essendon,0,5.1,6.92,32,27,0,0,84,3,0,3,33.3,58,2,1,0,0,0,0,0,1,0,0,0,1,1,0,0,1,3,16,0
20252109,Tom McCartin,Sydney,0,5.1,7.98,47,35,0,0,89,7,4,11,72.7,104,0,5,2,5,2,6,0,0,6,4,3,0,0,0,0,2,0,1,0
20252109,Peter Wright,Essendon,0,5,7.48,81,61,0,0,88,8,6,14,78.6,217,2,6,2,5,1,2,0,1,2,1,0,2,0,1,1,4,3,11,5
20252109,Lewis Melican,Sydney,0,5,7.79,55,45,0,0,82,9,1,10,80,107,2,3,2,3,2,5,0,0,5,2,1,0,0,0,0,1,1,10,0
20252109,Harry Cunningham,Sydney,0,4.6,4.61,66,61,0,0,77,11,3,14,78.6,135,1,3,2,3,2,2,0,0,7,1,0,0,0,0,0,5,1,3,0
20252109,Sam Wicks,Sydney,0,4.1,6.38,49,41,0,0,89,6,3,9,88.9,128,1,1,1,1,1,1,0,0,3,0,0,0,0,0,0,2,2,5,0
20252109,Lachlan Blakiston,Essendon,0,3.5,7.76,53,45,0,0,90,5,6,11,81.8,258,2,3,2,1,1,2,40,2,2,1,0,2,1,0,0,2,1,8,7
20252109,Angus Clarke,Essendon,0,2.9,5.87,39,38,0,0,88,6,5,11,63.6,119,0,3,2,3,2,3,0,0,1,0,0,1,1,0,0,2,0,8,0
20252109,Luamon Lual,Essendon,0,2.5,3.9,37,42,0,0,81,4,6,10,80,81,0,3,3,1,1,1,0,2,3,0,0,0,0,0,0,1,3,15,0
20252109,James Jordon,Sydney,0,2.4,6.88,38,43,0,0,91,6,6,12,58.3,135,2,4,2,2,1,1,95,2,3,0,0,0,0,0,1,4,3,13,0
20252109,Oskar Smartt,Essendon,0,0.7,3.37,6,10,0,0,20,0,1,1,100,-9,0,0,0,0,0,0,0,0,0,0,0,0,0,0,0,1,2,6,0
20252109,Liam McMahon,Essendon,0,0.6,4.38,21,17,0,0,48,2,2,4,75,73,1,3,2,3,2,0,0,0,2,0,1,1,0,1,0,4,0,0,0
20252109,Chad Warner,Sydney,0,-0.6,14.57,70,95,0.08,0,79,18,8,26,46.2,357,5,10,7,4,3,3,50,4,5,0,0,2,0,0,0,3,2,13,0
20252109,Caiden Cleary,Sydney,0,-0.9,3.06,29,34,0,0,26,3,4,7,71.4,18,1,2,0,0,0,0,0,1,3,0,0,0,0,0,0,0,2,3,0
20252109,Ben Hobbs,Essendon,0,-1.7,7.51,25,34,0,0,71,7,3,10,20,192,1,5,4,4,3,2,0,1,2,0,1,2,0,2,0,2,2,10,0
20252109,Todd Goldstein,Essendon,0,-2.1,9.8,18,31,0,0,72,2,5,7,85.7,5,0,1,0,0,0,1,60,1,1,0,0,0,0,0,0,0,0,3,14
20252109,Jesse Dattoli,Sydney,0,-2.4,5.72,49,52,0,0,70,5,8,13,61.5,152,2,3,3,2,2,0,0,1,5,0,0,2,0,2,2,4,1,11,0
20252109,Peter Ladhams,Sydney,0,-4.8,8.13,19,23,0,0,54,4,2,6,50,68,1,2,1,1,1,0,15,1,2,0,0,1,0,1,0,4,1,5,4
